{
    "1": {
        "2": [
            {
                "alane_id": 56,
                "degree": 150.8283260190894
            },
            {
                "alane_id": 1109,
                "degree": 150.8283260190894
            },
            {
                "alane_id": 56,
                "degree": 150.8283260190894
            },
            {
                "alane_id": 1109,
                "degree": 150.8283260190894
            },
            {
                "alane_id": 57,
                "degree": 150.8283260190894
            },
            {
                "alane_id": 57,
                "degree": 150.8283260190894
            }
        ]
    },
    "2": {
        "3": [
            {
                "alane_id": 183,
                "degree": -123.64338834988926
            },
            {
                "alane_id": 871,
                "degree": -123.64338834988926
            },
            {
                "alane_id": 670,
                "degree": -123.64338834988926
            },
            {
                "alane_id": 183,
                "degree": -123.64338834988926
            },
            {
                "alane_id": 871,
                "degree": -123.64338834988926
            },
            {
                "alane_id": 670,
                "degree": -123.64338834988926
            }
        ]
    },
    "3": {
        "4": [
            {
                "alane_id": 46,
                "degree": 56.284560093696605
            },
            {
                "alane_id": 860,
                "degree": 56.284560093696605
            },
            {
                "alane_id": 886,
                "degree": 56.284560093696605
            },
            {
                "alane_id": 46,
                "degree": 56.284560093696605
            },
            {
                "alane_id": 860,
                "degree": 56.284560093696605
            },
            {
                "alane_id": 886,
                "degree": 56.284560093696605
            }
        ]
    },
    "4": {
        "1": [
            {
                "alane_id": 54,
                "degree": -29.167086665758404
            },
            {
                "alane_id": 888,
                "degree": -29.167086665758404
            },
            {
                "alane_id": 55,
                "degree": -29.167086665758404
            }
        ]
    },
    "5": {
        "2": [
            {
                "alane_id": 53,
                "degree": 150.8875798240598
            },
            {
                "alane_id": 561,
                "degree": 150.8875798240598
            },
            {
                "alane_id": 601,
                "degree": 150.8875798240598
            },
            {
                "alane_id": 1163,
                "degree": 150.8875798240598
            },
            {
                "alane_id": 53,
                "degree": 150.8875798240598
            },
            {
                "alane_id": 561,
                "degree": 150.8875798240598
            },
            {
                "alane_id": 601,
                "degree": 150.8875798240598
            },
            {
                "alane_id": 1163,
                "degree": 150.8875798240598
            }
        ]
    },
    "6": {
        "3": [
            {
                "alane_id": 621,
                "degree": -122.21904725660674
            },
            {
                "alane_id": 899,
                "degree": -122.21904725660674
            },
            {
                "alane_id": 1032,
                "degree": -122.21904725660674
            }
        ]
    },
    "7": {
        "4": [
            {
                "alane_id": 666,
                "degree": 56.206596178528045
            },
            {
                "alane_id": 179,
                "degree": 56.206596178528045
            },
            {
                "alane_id": 598,
                "degree": 56.206596178528045
            }
        ]
    },
    "8": {
        "1": [
            {
                "alane_id": 887,
                "degree": -29.115240673807374
            },
            {
                "alane_id": 1102,
                "degree": -29.115240673807374
            },
            {
                "alane_id": 868,
                "degree": -29.115240673807374
            },
            {
                "alane_id": 600,
                "degree": -29.115240673807374
            },
            {
                "alane_id": 887,
                "degree": -29.115240673807374
            },
            {
                "alane_id": 1102,
                "degree": -29.115240673807374
            },
            {
                "alane_id": 868,
                "degree": -29.115240673807374
            },
            {
                "alane_id": 600,
                "degree": -29.115240673807374
            }
        ]
    },
    "9": {
        "2": [
            {
                "alane_id": 883,
                "degree": 175.81237257055827
            },
            {
                "alane_id": 35,
                "degree": 175.81237257055827
            },
            {
                "alane_id": 36,
                "degree": 175.81237257055827
            }
        ]
    },
    "10": {
        "3": [
            {
                "alane_id": 592,
                "degree": -96.54887288112944
            },
            {
                "alane_id": 1031,
                "degree": -96.54887288112944
            }
        ]
    },
    "11": {
        "4": [
            {
                "alane_id": 1105,
                "degree": 86.04041665497954
            },
            {
                "alane_id": 1145,
                "degree": 86.04041665497954
            },
            {
                "alane_id": 594,
                "degree": 86.04041665497954
            }
        ]
    },
    "12": {
        "1": [
            {
                "alane_id": 228,
                "degree": -4.158352615596844
            },
            {
                "alane_id": 934,
                "degree": -4.158352615596844
            },
            {
                "alane_id": 231,
                "degree": -4.158352615596844
            }
        ]
    },
    "13": {
        "2": [
            {
                "alane_id": 217,
                "degree": 175.7992270803425
            },
            {
                "alane_id": 931,
                "degree": 175.7992270803425
            },
            {
                "alane_id": 221,
                "degree": 175.7992270803425
            }
        ]
    },
    "14": {
        "3": [
            {
                "alane_id": 37,
                "degree": -94.23546458657025
            },
            {
                "alane_id": 593,
                "degree": -94.23546458657025
            }
        ]
    },
    "15": {
        "1": [
            {
                "alane_id": 695,
                "degree": -4.186168287711002
            },
            {
                "alane_id": 239,
                "degree": -4.186168287711002
            },
            {
                "alane_id": 938,
                "degree": -4.186168287711002
            }
        ]
    },
    "16": {
        "2": [
            {
                "alane_id": 1058,
                "degree": 175.83813825721106
            },
            {
                "alane_id": 225,
                "degree": 175.83813825721106
            },
            {
                "alane_id": 690,
                "degree": 175.83813825721106
            }
        ]
    },
    "17": {
        "3": [
            {
                "alane_id": 120,
                "degree": -94.14631875013372
            },
            {
                "alane_id": 638,
                "degree": -94.14631875013372
            }
        ]
    },
    "18": {
        "4": [
            {
                "alane_id": 38,
                "degree": 85.82600425226218
            },
            {
                "alane_id": 884,
                "degree": 85.82600425226218
            }
        ]
    },
    "19": {
        "1": [
            {
                "alane_id": 946,
                "degree": -4.174397098058754
            },
            {
                "alane_id": 268,
                "degree": -4.174397098058754
            },
            {
                "alane_id": 272,
                "degree": -4.174397098058754
            }
        ]
    },
    "20": {
        "2": [
            {
                "alane_id": 243,
                "degree": 175.82574193990595
            },
            {
                "alane_id": 699,
                "degree": 175.82574193990595
            },
            {
                "alane_id": 247,
                "degree": 175.82574193990595
            }
        ]
    },
    "21": {
        "3": [
            {
                "alane_id": 950,
                "degree": -93.85826493556273
            },
            {
                "alane_id": 1144,
                "degree": -93.85826493556273
            },
            {
                "alane_id": 282,
                "degree": -93.85826493556273
            },
            {
                "alane_id": 720,
                "degree": -93.85826493556273
            },
            {
                "alane_id": 1030,
                "degree": -93.85826493556273
            }
        ]
    },
    "22": {
        "4": [
            {
                "alane_id": 590,
                "degree": 85.80677815470132
            },
            {
                "alane_id": 32,
                "degree": 85.80677815470132
            }
        ]
    },
    "23": {
        "1": [
            {
                "alane_id": 30,
                "degree": -4.147582253450765
            },
            {
                "alane_id": 882,
                "degree": -4.147582253450765
            },
            {
                "alane_id": 31,
                "degree": -4.147582253450765
            }
        ]
    },
    "24": {
        "2": [
            {
                "alane_id": 27,
                "degree": 175.83047771910603
            },
            {
                "alane_id": 588,
                "degree": 175.83047771910603
            },
            {
                "alane_id": 28,
                "degree": 175.83047771910603
            }
        ]
    },
    "25": {
        "3": [
            {
                "alane_id": 1019,
                "degree": -93.19237208124666
            },
            {
                "alane_id": 306,
                "degree": -93.19237208124666
            },
            {
                "alane_id": 732,
                "degree": -93.19237208124666
            },
            {
                "alane_id": 310,
                "degree": -93.19237208124666
            },
            {
                "alane_id": 585,
                "degree": -93.19237208124666
            },
            {
                "alane_id": 1019,
                "degree": -93.19237208124666
            },
            {
                "alane_id": 306,
                "degree": -93.19237208124666
            },
            {
                "alane_id": 732,
                "degree": -93.19237208124666
            },
            {
                "alane_id": 310,
                "degree": -93.19237208124666
            },
            {
                "alane_id": 585,
                "degree": -93.19237208124666
            }
        ]
    },
    "26": {
        "4": [
            {
                "alane_id": 567,
                "degree": 86.65617231245511
            },
            {
                "alane_id": 132,
                "degree": 86.65617231245511
            },
            {
                "alane_id": 1115,
                "degree": 86.65617231245511
            },
            {
                "alane_id": 136,
                "degree": 86.65617231245511
            },
            {
                "alane_id": 589,
                "degree": 86.65617231245511
            },
            {
                "alane_id": 567,
                "degree": 86.65617231245511
            },
            {
                "alane_id": 132,
                "degree": 86.65617231245511
            },
            {
                "alane_id": 1115,
                "degree": 86.65617231245511
            },
            {
                "alane_id": 136,
                "degree": 86.65617231245511
            },
            {
                "alane_id": 589,
                "degree": 86.65617231245511
            }
        ]
    },
    "27": {
        "1": [
            {
                "alane_id": 587,
                "degree": -4.164866991237528
            },
            {
                "alane_id": 26,
                "degree": -4.164866991237528
            }
        ]
    },
    "28": {
        "2": [
            {
                "alane_id": 19,
                "degree": 175.8829391221895
            },
            {
                "alane_id": 584,
                "degree": 175.8829391221895
            },
            {
                "alane_id": 1020,
                "degree": 175.8829391221895
            },
            {
                "alane_id": 20,
                "degree": 175.8829391221895
            },
            {
                "alane_id": 19,
                "degree": 175.8829391221895
            },
            {
                "alane_id": 584,
                "degree": 175.8829391221895
            },
            {
                "alane_id": 1020,
                "degree": 175.8829391221895
            },
            {
                "alane_id": 20,
                "degree": 175.8829391221895
            }
        ]
    },
    "29": {
        "3": [
            {
                "alane_id": 870,
                "degree": -96.97206028346038
            },
            {
                "alane_id": 648,
                "degree": -96.97206028346038
            },
            {
                "alane_id": 144,
                "degree": -96.97206028346038
            },
            {
                "alane_id": 1048,
                "degree": -96.97206028346038
            },
            {
                "alane_id": 21,
                "degree": -96.97206028346038
            },
            {
                "alane_id": 870,
                "degree": -96.97206028346038
            },
            {
                "alane_id": 648,
                "degree": -96.97206028346038
            },
            {
                "alane_id": 144,
                "degree": -96.97206028346038
            },
            {
                "alane_id": 1048,
                "degree": -96.97206028346038
            },
            {
                "alane_id": 21,
                "degree": -96.97206028346038
            }
        ]
    },
    "30": {
        "4": [
            {
                "alane_id": 569,
                "degree": 86.77230394242046
            },
            {
                "alane_id": 286,
                "degree": 86.77230394242046
            },
            {
                "alane_id": 1125,
                "degree": 86.77230394242046
            },
            {
                "alane_id": 290,
                "degree": 86.77230394242046
            },
            {
                "alane_id": 880,
                "degree": 86.77230394242046
            },
            {
                "alane_id": 569,
                "degree": 86.77230394242046
            },
            {
                "alane_id": 286,
                "degree": 86.77230394242046
            },
            {
                "alane_id": 1125,
                "degree": 86.77230394242046
            },
            {
                "alane_id": 290,
                "degree": 86.77230394242046
            },
            {
                "alane_id": 880,
                "degree": 86.77230394242046
            }
        ]
    },
    "31": {
        "1": [
            {
                "alane_id": 1146,
                "degree": -4.1061666434650075
            },
            {
                "alane_id": 1169,
                "degree": -4.1061666434650075
            },
            {
                "alane_id": 17,
                "degree": -4.1061666434650075
            },
            {
                "alane_id": 583,
                "degree": -4.1061666434650075
            },
            {
                "alane_id": 1146,
                "degree": -4.1061666434650075
            },
            {
                "alane_id": 1169,
                "degree": -4.1061666434650075
            },
            {
                "alane_id": 17,
                "degree": -4.1061666434650075
            },
            {
                "alane_id": 583,
                "degree": -4.1061666434650075
            }
        ]
    },
    "32": {
        "2": [
            {
                "alane_id": 14,
                "degree": 173.39264525408575
            },
            {
                "alane_id": 15,
                "degree": 173.39264525408575
            }
        ]
    },
    "33": {
        "3": [
            {
                "alane_id": 1021,
                "degree": -95.48225697818874
            },
            {
                "alane_id": 654,
                "degree": -95.48225697818874
            },
            {
                "alane_id": 155,
                "degree": -95.48225697818874
            },
            {
                "alane_id": 1151,
                "degree": -95.48225697818874
            },
            {
                "alane_id": 9,
                "degree": -95.48225697818874
            },
            {
                "alane_id": 1021,
                "degree": -95.48225697818874
            },
            {
                "alane_id": 654,
                "degree": -95.48225697818874
            },
            {
                "alane_id": 155,
                "degree": -95.48225697818874
            },
            {
                "alane_id": 1151,
                "degree": -95.48225697818874
            },
            {
                "alane_id": 9,
                "degree": -95.48225697818874
            }
        ]
    },
    "34": {
        "4": [
            {
                "alane_id": 1142,
                "degree": 83.29581793408627
            },
            {
                "alane_id": 147,
                "degree": 83.29581793408627
            },
            {
                "alane_id": 651,
                "degree": 83.29581793408627
            },
            {
                "alane_id": 150,
                "degree": 83.29581793408627
            },
            {
                "alane_id": 586,
                "degree": 83.29581793408627
            },
            {
                "alane_id": 1142,
                "degree": 83.29581793408627
            },
            {
                "alane_id": 147,
                "degree": 83.29581793408627
            },
            {
                "alane_id": 651,
                "degree": 83.29581793408627
            },
            {
                "alane_id": 150,
                "degree": 83.29581793408627
            },
            {
                "alane_id": 586,
                "degree": 83.29581793408627
            }
        ]
    },
    "35": {
        "1": [
            {
                "alane_id": 12,
                "degree": -3.0695781939167817
            },
            {
                "alane_id": 1028,
                "degree": -3.0695781939167817
            },
            {
                "alane_id": 13,
                "degree": -3.0695781939167817
            }
        ]
    },
    "36": {
        "2": [
            {
                "alane_id": 10,
                "degree": 176.3307248299714
            },
            {
                "alane_id": 877,
                "degree": 176.3307248299714
            },
            {
                "alane_id": 1180,
                "degree": 176.3307248299714
            },
            {
                "alane_id": 11,
                "degree": 176.3307248299714
            },
            {
                "alane_id": 580,
                "degree": 176.3307248299714
            },
            {
                "alane_id": 10,
                "degree": 176.3307248299714
            },
            {
                "alane_id": 877,
                "degree": 176.3307248299714
            },
            {
                "alane_id": 1180,
                "degree": 176.3307248299714
            },
            {
                "alane_id": 11,
                "degree": 176.3307248299714
            },
            {
                "alane_id": 580,
                "degree": 176.3307248299714
            }
        ]
    },
    "37": {
        "3": [
            {
                "alane_id": 571,
                "degree": -97.04310667534345
            },
            {
                "alane_id": 366,
                "degree": -97.04310667534345
            },
            {
                "alane_id": 1075,
                "degree": -97.04310667534345
            },
            {
                "alane_id": 370,
                "degree": -97.04310667534345
            },
            {
                "alane_id": 575,
                "degree": -97.04310667534345
            },
            {
                "alane_id": 571,
                "degree": -97.04310667534345
            },
            {
                "alane_id": 366,
                "degree": -97.04310667534345
            },
            {
                "alane_id": 1075,
                "degree": -97.04310667534345
            },
            {
                "alane_id": 370,
                "degree": -97.04310667534345
            },
            {
                "alane_id": 575,
                "degree": -97.04310667534345
            }
        ]
    },
    "38": {
        "4": [
            {
                "alane_id": 1026,
                "degree": 84.26017475759018
            },
            {
                "alane_id": 962,
                "degree": 84.26017475759018
            },
            {
                "alane_id": 330,
                "degree": 84.26017475759018
            },
            {
                "alane_id": 744,
                "degree": 84.26017475759018
            },
            {
                "alane_id": 579,
                "degree": 84.26017475759018
            },
            {
                "alane_id": 1026,
                "degree": 84.26017475759018
            },
            {
                "alane_id": 962,
                "degree": 84.26017475759018
            },
            {
                "alane_id": 330,
                "degree": 84.26017475759018
            },
            {
                "alane_id": 744,
                "degree": 84.26017475759018
            },
            {
                "alane_id": 579,
                "degree": 84.26017475759018
            }
        ]
    },
    "39": {
        "1": [
            {
                "alane_id": 875,
                "degree": -3.8299959039000067
            },
            {
                "alane_id": 3,
                "degree": -3.8299959039000067
            },
            {
                "alane_id": 867,
                "degree": -3.8299959039000067
            },
            {
                "alane_id": 576,
                "degree": -3.8299959039000067
            },
            {
                "alane_id": 4,
                "degree": -3.8299959039000067
            },
            {
                "alane_id": 875,
                "degree": -3.8299959039000067
            },
            {
                "alane_id": 3,
                "degree": -3.8299959039000067
            },
            {
                "alane_id": 867,
                "degree": -3.8299959039000067
            },
            {
                "alane_id": 576,
                "degree": -3.8299959039000067
            },
            {
                "alane_id": 4,
                "degree": -3.8299959039000067
            }
        ]
    },
    "40": {
        "2": [
            {
                "alane_id": 1,
                "degree": 176.01471304506074
            }
        ]
    },
    "41": {
        "3": [
            {
                "alane_id": 1104,
                "degree": -97.16687848781557
            },
            {
                "alane_id": 1095,
                "degree": -97.16687848781557
            },
            {
                "alane_id": 524,
                "degree": -97.16687848781557
            },
            {
                "alane_id": 843,
                "degree": -97.16687848781557
            },
            {
                "alane_id": 1111,
                "degree": -97.16687848781557
            },
            {
                "alane_id": 1104,
                "degree": -97.16687848781557
            },
            {
                "alane_id": 1095,
                "degree": -97.16687848781557
            },
            {
                "alane_id": 524,
                "degree": -97.16687848781557
            },
            {
                "alane_id": 843,
                "degree": -97.16687848781557
            },
            {
                "alane_id": 1111,
                "degree": -97.16687848781557
            }
        ]
    },
    "42": {
        "4": [
            {
                "alane_id": 865,
                "degree": 82.86501210327161
            },
            {
                "alane_id": 342,
                "degree": 82.86501210327161
            },
            {
                "alane_id": 966,
                "degree": 82.86501210327161
            },
            {
                "alane_id": 346,
                "degree": 82.86501210327161
            },
            {
                "alane_id": 2,
                "degree": 82.86501210327161
            },
            {
                "alane_id": 865,
                "degree": 82.86501210327161
            },
            {
                "alane_id": 342,
                "degree": 82.86501210327161
            },
            {
                "alane_id": 966,
                "degree": 82.86501210327161
            },
            {
                "alane_id": 346,
                "degree": 82.86501210327161
            },
            {
                "alane_id": 2,
                "degree": 82.86501210327161
            }
        ]
    },
    "43": {
        "1": [
            {
                "alane_id": 89,
                "degree": -3.887379234103888
            }
        ]
    },
    "44": {
        "2": [
            {
                "alane_id": 618,
                "degree": 176.15286208660424
            },
            {
                "alane_id": 88,
                "degree": 176.15286208660424
            }
        ]
    },
    "45": {
        "3": [
            {
                "alane_id": 382,
                "degree": -98.26012697145757
            },
            {
                "alane_id": 1170,
                "degree": -98.26012697145757
            },
            {
                "alane_id": 1159,
                "degree": -98.26012697145757
            },
            {
                "alane_id": 386,
                "degree": -98.26012697145757
            },
            {
                "alane_id": 894,
                "degree": -98.26012697145757
            },
            {
                "alane_id": 382,
                "degree": -98.26012697145757
            },
            {
                "alane_id": 1170,
                "degree": -98.26012697145757
            },
            {
                "alane_id": 1159,
                "degree": -98.26012697145757
            },
            {
                "alane_id": 386,
                "degree": -98.26012697145757
            },
            {
                "alane_id": 894,
                "degree": -98.26012697145757
            }
        ]
    },
    "46": {
        "4": [
            {
                "alane_id": 1022,
                "degree": 82.90080140712267
            },
            {
                "alane_id": 764,
                "degree": 82.90080140712267
            },
            {
                "alane_id": 374,
                "degree": 82.90080140712267
            },
            {
                "alane_id": 974,
                "degree": 82.90080140712267
            },
            {
                "alane_id": 8,
                "degree": 82.90080140712267
            },
            {
                "alane_id": 1022,
                "degree": 82.90080140712267
            },
            {
                "alane_id": 764,
                "degree": 82.90080140712267
            },
            {
                "alane_id": 374,
                "degree": 82.90080140712267
            },
            {
                "alane_id": 974,
                "degree": 82.90080140712267
            },
            {
                "alane_id": 8,
                "degree": 82.90080140712267
            }
        ]
    },
    "47": {
        "1": [
            {
                "alane_id": 896,
                "degree": -3.8534883555753043
            },
            {
                "alane_id": 87,
                "degree": -3.8534883555753043
            }
        ]
    },
    "48": {
        "2": [
            {
                "alane_id": 1018,
                "degree": 177.34596306876512
            },
            {
                "alane_id": 81,
                "degree": 177.34596306876512
            },
            {
                "alane_id": 615,
                "degree": 177.34596306876512
            },
            {
                "alane_id": 82,
                "degree": 177.34596306876512
            },
            {
                "alane_id": 895,
                "degree": 177.34596306876512
            },
            {
                "alane_id": 1018,
                "degree": 177.34596306876512
            },
            {
                "alane_id": 81,
                "degree": 177.34596306876512
            },
            {
                "alane_id": 615,
                "degree": 177.34596306876512
            },
            {
                "alane_id": 82,
                "degree": 177.34596306876512
            },
            {
                "alane_id": 895,
                "degree": 177.34596306876512
            }
        ]
    },
    "49": {
        "3": [
            {
                "alane_id": 1099,
                "degree": -98.50402016537605
            },
            {
                "alane_id": 406,
                "degree": -98.50402016537605
            },
            {
                "alane_id": 982,
                "degree": -98.50402016537605
            },
            {
                "alane_id": 410,
                "degree": -98.50402016537605
            },
            {
                "alane_id": 77,
                "degree": -98.50402016537605
            },
            {
                "alane_id": 1099,
                "degree": -98.50402016537605
            },
            {
                "alane_id": 406,
                "degree": -98.50402016537605
            },
            {
                "alane_id": 982,
                "degree": -98.50402016537605
            },
            {
                "alane_id": 410,
                "degree": -98.50402016537605
            },
            {
                "alane_id": 77,
                "degree": -98.50402016537605
            }
        ]
    },
    "50": {
        "4": [
            {
                "alane_id": 568,
                "degree": 81.8929555242318
            },
            {
                "alane_id": 158,
                "degree": 81.8929555242318
            },
            {
                "alane_id": 657,
                "degree": 81.8929555242318
            },
            {
                "alane_id": 161,
                "degree": 81.8929555242318
            },
            {
                "alane_id": 614,
                "degree": 81.8929555242318
            },
            {
                "alane_id": 568,
                "degree": 81.8929555242318
            },
            {
                "alane_id": 158,
                "degree": 81.8929555242318
            },
            {
                "alane_id": 657,
                "degree": 81.8929555242318
            },
            {
                "alane_id": 161,
                "degree": 81.8929555242318
            },
            {
                "alane_id": 614,
                "degree": 81.8929555242318
            }
        ]
    },
    "51": {
        "1": [
            {
                "alane_id": 566,
                "degree": -3.0432519650918644
            },
            {
                "alane_id": 83,
                "degree": -3.0432519650918644
            },
            {
                "alane_id": 616,
                "degree": -3.0432519650918644
            },
            {
                "alane_id": 84,
                "degree": -3.0432519650918644
            },
            {
                "alane_id": 1037,
                "degree": -3.0432519650918644
            },
            {
                "alane_id": 566,
                "degree": -3.0432519650918644
            },
            {
                "alane_id": 83,
                "degree": -3.0432519650918644
            },
            {
                "alane_id": 616,
                "degree": -3.0432519650918644
            },
            {
                "alane_id": 84,
                "degree": -3.0432519650918644
            },
            {
                "alane_id": 1037,
                "degree": -3.0432519650918644
            }
        ]
    },
    "52": {
        "2": [
            {
                "alane_id": 612,
                "degree": 168.38025017960243
            },
            {
                "alane_id": 76,
                "degree": 168.38025017960243
            },
            {
                "alane_id": 565,
                "degree": 168.38025017960243
            },
            {
                "alane_id": 1036,
                "degree": 168.38025017960243
            },
            {
                "alane_id": 612,
                "degree": 168.38025017960243
            },
            {
                "alane_id": 76,
                "degree": 168.38025017960243
            },
            {
                "alane_id": 565,
                "degree": 168.38025017960243
            },
            {
                "alane_id": 1036,
                "degree": 168.38025017960243
            }
        ]
    },
    "53": {
        "3": [
            {
                "alane_id": 874,
                "degree": -98.41469786591038
            },
            {
                "alane_id": 796,
                "degree": -98.41469786591038
            },
            {
                "alane_id": 438,
                "degree": -98.41469786591038
            },
            {
                "alane_id": 990,
                "degree": -98.41469786591038
            },
            {
                "alane_id": 74,
                "degree": -98.41469786591038
            },
            {
                "alane_id": 874,
                "degree": -98.41469786591038
            },
            {
                "alane_id": 796,
                "degree": -98.41469786591038
            },
            {
                "alane_id": 438,
                "degree": -98.41469786591038
            },
            {
                "alane_id": 990,
                "degree": -98.41469786591038
            },
            {
                "alane_id": 74,
                "degree": -98.41469786591038
            }
        ]
    },
    "54": {
        "4": [
            {
                "alane_id": 772,
                "degree": 80.37236205151306
            },
            {
                "alane_id": 873,
                "degree": 80.37236205151306
            },
            {
                "alane_id": 390,
                "degree": 80.37236205151306
            },
            {
                "alane_id": 978,
                "degree": 80.37236205151306
            },
            {
                "alane_id": 78,
                "degree": 80.37236205151306
            },
            {
                "alane_id": 772,
                "degree": 80.37236205151306
            },
            {
                "alane_id": 873,
                "degree": 80.37236205151306
            },
            {
                "alane_id": 390,
                "degree": 80.37236205151306
            },
            {
                "alane_id": 978,
                "degree": 80.37236205151306
            },
            {
                "alane_id": 78,
                "degree": 80.37236205151306
            }
        ]
    },
    "55": {
        "1": [
            {
                "alane_id": 58,
                "degree": -17.9317713667831
            },
            {
                "alane_id": 889,
                "degree": -17.9317713667831
            },
            {
                "alane_id": 59,
                "degree": -17.9317713667831
            },
            {
                "alane_id": 604,
                "degree": -17.9317713667831
            },
            {
                "alane_id": 58,
                "degree": -17.9317713667831
            },
            {
                "alane_id": 889,
                "degree": -17.9317713667831
            },
            {
                "alane_id": 59,
                "degree": -17.9317713667831
            },
            {
                "alane_id": 604,
                "degree": -17.9317713667831
            }
        ]
    },
    "56": {
        "2": [
            {
                "alane_id": 1110,
                "degree": 179.42216190425572
            },
            {
                "alane_id": 73,
                "degree": 179.42216190425572
            },
            {
                "alane_id": 862,
                "degree": 179.42216190425572
            },
            {
                "alane_id": 611,
                "degree": 179.42216190425572
            }
        ]
    },
    "57": {
        "3": [
            {
                "alane_id": 572,
                "degree": -98.1742198432958
            },
            {
                "alane_id": 450,
                "degree": -98.1742198432958
            },
            {
                "alane_id": 804,
                "degree": -98.1742198432958
            },
            {
                "alane_id": 454,
                "degree": -98.1742198432958
            },
            {
                "alane_id": 892,
                "degree": -98.1742198432958
            },
            {
                "alane_id": 572,
                "degree": -98.1742198432958
            },
            {
                "alane_id": 450,
                "degree": -98.1742198432958
            },
            {
                "alane_id": 804,
                "degree": -98.1742198432958
            },
            {
                "alane_id": 454,
                "degree": -98.1742198432958
            },
            {
                "alane_id": 892,
                "degree": -98.1742198432958
            }
        ]
    },
    "58": {
        "4": [
            {
                "alane_id": 784,
                "degree": 80.98721290103855
            },
            {
                "alane_id": 1101,
                "degree": 80.98721290103855
            },
            {
                "alane_id": 414,
                "degree": 80.98721290103855
            },
            {
                "alane_id": 1133,
                "degree": 80.98721290103855
            },
            {
                "alane_id": 893,
                "degree": 80.98721290103855
            },
            {
                "alane_id": 784,
                "degree": 80.98721290103855
            },
            {
                "alane_id": 1101,
                "degree": 80.98721290103855
            },
            {
                "alane_id": 414,
                "degree": 80.98721290103855
            },
            {
                "alane_id": 1133,
                "degree": 80.98721290103855
            },
            {
                "alane_id": 893,
                "degree": 80.98721290103855
            }
        ]
    },
    "59": {
        "1": [
            {
                "alane_id": 610,
                "degree": -8.842304897728416
            },
            {
                "alane_id": 72,
                "degree": -8.842304897728416
            }
        ]
    },
    "60": {
        "2": [
            {
                "alane_id": 890,
                "degree": 179.12977241254626
            },
            {
                "alane_id": 63,
                "degree": 179.12977241254626
            },
            {
                "alane_id": 563,
                "degree": 179.12977241254626
            },
            {
                "alane_id": 1171,
                "degree": 179.12977241254626
            }
        ]
    },
    "61": {
        "3": [
            {
                "alane_id": 479,
                "degree": -85.22978200481789
            },
            {
                "alane_id": 820,
                "degree": -85.22978200481789
            },
            {
                "alane_id": 483,
                "degree": -85.22978200481789
            },
            {
                "alane_id": 866,
                "degree": -85.22978200481789
            },
            {
                "alane_id": 602,
                "degree": -85.22978200481789
            },
            {
                "alane_id": 479,
                "degree": -85.22978200481789
            },
            {
                "alane_id": 820,
                "degree": -85.22978200481789
            },
            {
                "alane_id": 483,
                "degree": -85.22978200481789
            },
            {
                "alane_id": 866,
                "degree": -85.22978200481789
            },
            {
                "alane_id": 602,
                "degree": -85.22978200481789
            }
        ]
    },
    "62": {
        "4": [
            {
                "alane_id": 546,
                "degree": 81.65113151859624
            },
            {
                "alane_id": 1014,
                "degree": 81.65113151859624
            },
            {
                "alane_id": 853,
                "degree": 81.65113151859624
            },
            {
                "alane_id": 1023,
                "degree": 81.65113151859624
            },
            {
                "alane_id": 1035,
                "degree": 81.65113151859624
            },
            {
                "alane_id": 546,
                "degree": 81.65113151859624
            },
            {
                "alane_id": 1014,
                "degree": 81.65113151859624
            },
            {
                "alane_id": 853,
                "degree": 81.65113151859624
            },
            {
                "alane_id": 1023,
                "degree": 81.65113151859624
            },
            {
                "alane_id": 1035,
                "degree": 81.65113151859624
            }
        ]
    },
    "63": {
        "1": [
            {
                "alane_id": 891,
                "degree": -0.9608948738040115
            },
            {
                "alane_id": 67,
                "degree": -0.9608948738040115
            }
        ]
    },
    "64": {
        "2": [
            {
                "alane_id": 48,
                "degree": 174.06440940665527
            },
            {
                "alane_id": 1165,
                "degree": 174.06440940665527
            }
        ]
    },
    "65": {
        "3": [
            {
                "alane_id": 1091,
                "degree": -80.54681363983889
            },
            {
                "alane_id": 1164,
                "degree": -80.54681363983889
            },
            {
                "alane_id": 495,
                "degree": -80.54681363983889
            },
            {
                "alane_id": 828,
                "degree": -80.54681363983889
            },
            {
                "alane_id": 22,
                "degree": -80.54681363983889
            },
            {
                "alane_id": 1091,
                "degree": -80.54681363983889
            },
            {
                "alane_id": 1164,
                "degree": -80.54681363983889
            },
            {
                "alane_id": 495,
                "degree": -80.54681363983889
            },
            {
                "alane_id": 828,
                "degree": -80.54681363983889
            },
            {
                "alane_id": 22,
                "degree": -80.54681363983889
            }
        ]
    },
    "66": {
        "4": [
            {
                "alane_id": 994,
                "degree": 94.711998261639
            },
            {
                "alane_id": 1103,
                "degree": 94.711998261639
            },
            {
                "alane_id": 458,
                "degree": 94.711998261639
            },
            {
                "alane_id": 808,
                "degree": 94.711998261639
            },
            {
                "alane_id": 60,
                "degree": 94.711998261639
            },
            {
                "alane_id": 994,
                "degree": 94.711998261639
            },
            {
                "alane_id": 1103,
                "degree": 94.711998261639
            },
            {
                "alane_id": 458,
                "degree": 94.711998261639
            },
            {
                "alane_id": 808,
                "degree": 94.711998261639
            },
            {
                "alane_id": 60,
                "degree": 94.711998261639
            }
        ]
    },
    "67": {
        "2": [
            {
                "alane_id": 879,
                "degree": 179.97112165135067
            }
        ]
    },
    "68": {
        "3": [
            {
                "alane_id": 503,
                "degree": -89.40508816077842
            },
            {
                "alane_id": 832,
                "degree": -89.40508816077842
            },
            {
                "alane_id": 507,
                "degree": -89.40508816077842
            },
            {
                "alane_id": 85,
                "degree": -89.40508816077842
            },
            {
                "alane_id": 503,
                "degree": -89.40508816077842
            },
            {
                "alane_id": 832,
                "degree": -89.40508816077842
            },
            {
                "alane_id": 507,
                "degree": -89.40508816077842
            },
            {
                "alane_id": 85,
                "degree": -89.40508816077842
            }
        ]
    },
    "69": {
        "4": [
            {
                "alane_id": 998,
                "degree": 99.30288004654332
            },
            {
                "alane_id": 471,
                "degree": 99.30288004654332
            },
            {
                "alane_id": 816,
                "degree": 99.30288004654332
            },
            {
                "alane_id": 34,
                "degree": 99.30288004654332
            },
            {
                "alane_id": 998,
                "degree": 99.30288004654332
            },
            {
                "alane_id": 471,
                "degree": 99.30288004654332
            },
            {
                "alane_id": 816,
                "degree": 99.30288004654332
            },
            {
                "alane_id": 34,
                "degree": 99.30288004654332
            }
        ]
    },
    "70": {
        "1": [
            {
                "alane_id": 878,
                "degree": -3.6065212940498177
            }
        ]
    },
    "71": {
        "2": [
            {
                "alane_id": 605,
                "degree": 176.5598826770996
            },
            {
                "alane_id": 64,
                "degree": 176.5598826770996
            }
        ]
    },
    "72": {
        "3": [
            {
                "alane_id": 68,
                "degree": -88.80603047092904
            },
            {
                "alane_id": 564,
                "degree": -88.80603047092904
            },
            {
                "alane_id": 69,
                "degree": -88.80603047092904
            },
            {
                "alane_id": 68,
                "degree": -88.80603047092904
            },
            {
                "alane_id": 564,
                "degree": -88.80603047092904
            },
            {
                "alane_id": 69,
                "degree": -88.80603047092904
            }
        ]
    },
    "73": {
        "4": [
            {
                "alane_id": 487,
                "degree": 90.80715304092983
            },
            {
                "alane_id": 573,
                "degree": 90.80715304092983
            },
            {
                "alane_id": 824,
                "degree": 90.80715304092983
            },
            {
                "alane_id": 491,
                "degree": 90.80715304092983
            },
            {
                "alane_id": 606,
                "degree": 90.80715304092983
            },
            {
                "alane_id": 487,
                "degree": 90.80715304092983
            },
            {
                "alane_id": 573,
                "degree": 90.80715304092983
            },
            {
                "alane_id": 824,
                "degree": 90.80715304092983
            },
            {
                "alane_id": 491,
                "degree": 90.80715304092983
            },
            {
                "alane_id": 606,
                "degree": 90.80715304092983
            }
        ]
    },
    "74": {
        "1": [
            {
                "alane_id": 876,
                "degree": -3.41771778478938
            },
            {
                "alane_id": 578,
                "degree": -3.41771778478938
            },
            {
                "alane_id": 1106,
                "degree": -3.41771778478938
            }
        ]
    }
}