{
    "1": {
        "7": [
            {
                "lane_id": 2061,
                "degree": -123.99354855696477
            },
            {
                "lane_id": 2062,
                "degree": -124.00071060744074
            },
            {
                "lane_id": 2063,
                "degree": -124.00071060744074
            }
        ],
        "5": [
            {
                "lane_id": 2166,
                "degree": 56.05958233510765
            },
            {
                "lane_id": 2167,
                "degree": 56.146321076692736
            },
            {
                "lane_id": 2168,
                "degree": 56.146321076692736
            }
        ],
        "6": [
            {
                "lane_id": 2315,
                "degree": -29.337841780471333
            },
            {
                "lane_id": 2314,
                "degree": -29.337841780471333
            },
            {
                "lane_id": 2313,
                "degree": -29.337841780471333
            }
        ],
        "8": [
            {
                "lane_id": 2395,
                "degree": 150.63451702587292
            },
            {
                "lane_id": 2394,
                "degree": 150.63451702587292
            },
            {
                "lane_id": 2393,
                "degree": 150.63451702587292
            }
        ]
    },
    "2": {
        "7": [
            {
                "lane_id": 2044,
                "degree": -121.62245797408217
            },
            {
                "lane_id": 2043,
                "degree": -121.62245797408217
            }
        ],
        "5": [
            {
                "lane_id": 2110,
                "degree": 57.123300230921814
            },
            {
                "lane_id": 2109,
                "degree": 57.123300230921814
            }
        ],
        "6": [
            {
                "lane_id": 2236,
                "degree": -29.17486833557701
            },
            {
                "lane_id": 2237,
                "degree": -29.17486833557701
            },
            {
                "lane_id": 2238,
                "degree": -29.151413506315542
            }
        ],
        "8": [
            {
                "lane_id": 2286,
                "degree": 150.86399209350208
            },
            {
                "lane_id": 2287,
                "degree": 150.84956736015644
            },
            {
                "lane_id": 2288,
                "degree": 150.84956736015644
            }
        ]
    },
    "3": {
        "1": [
            {
                "lane_id": 1818,
                "degree": -4.163301808044465
            },
            {
                "lane_id": 1817,
                "degree": -4.163301808044465
            },
            {
                "lane_id": 1816,
                "degree": -4.163301808044465
            }
        ],
        "2": [
            {
                "lane_id": 1838,
                "degree": 175.71817403312596
            },
            {
                "lane_id": 1837,
                "degree": 175.71817403312596
            },
            {
                "lane_id": 1836,
                "degree": 175.71817403312596
            }
        ],
        "3": [
            {
                "lane_id": 1854,
                "degree": -96.51235436880269
            },
            {
                "lane_id": 1853,
                "degree": -96.51235436880269
            }
        ],
        "4": [
            {
                "lane_id": 1938,
                "degree": 97.12230671794684
            },
            {
                "lane_id": 1937,
                "degree": 97.12230671794684
            }
        ]
    },
    "4": {
        "1": [
            {
                "lane_id": 1795,
                "degree": -4.188376340274726
            },
            {
                "lane_id": 1794,
                "degree": -4.188376340274726
            },
            {
                "lane_id": 1793,
                "degree": -4.188376340274726
            }
        ],
        "2": [
            {
                "lane_id": 1819,
                "degree": 175.93518447100848
            },
            {
                "lane_id": 1820,
                "degree": 175.93518447100848
            },
            {
                "lane_id": 1821,
                "degree": 175.93518447100848
            }
        ],
        "3": [
            {
                "lane_id": 1875,
                "degree": -94.25778941808281
            }
        ]
    },
    "5": {
        "1": [
            {
                "lane_id": 1709,
                "degree": -4.231375757478965
            },
            {
                "lane_id": 1708,
                "degree": -4.231375757478965
            },
            {
                "lane_id": 1707,
                "degree": -4.231375757478965
            }
        ],
        "3": [
            {
                "lane_id": 1753,
                "degree": -94.17902534444023
            },
            {
                "lane_id": 1752,
                "degree": -94.17902534444023
            }
        ],
        "4": [
            {
                "lane_id": 1781,
                "degree": 85.77277729208068
            },
            {
                "lane_id": 1780,
                "degree": 85.77277729208068
            }
        ],
        "2": [
            {
                "lane_id": 1800,
                "degree": 175.8818330059814
            },
            {
                "lane_id": 1799,
                "degree": 175.8818330059814
            },
            {
                "lane_id": 1801,
                "degree": 175.8818330059814
            }
        ]
    },
    "6": {
        "3": [
            {
                "lane_id": 1612,
                "degree": -94.20258053873721
            },
            {
                "lane_id": 1611,
                "degree": -94.20258053873721
            },
            {
                "lane_id": 1610,
                "degree": -94.20258053873721
            }
        ],
        "4": [
            {
                "lane_id": 1653,
                "degree": 85.35377076343667
            },
            {
                "lane_id": 1652,
                "degree": 85.35377076343667
            }
        ],
        "1": [
            {
                "lane_id": 1689,
                "degree": -4.237692040875264
            },
            {
                "lane_id": 1688,
                "degree": -4.237692040875264
            },
            {
                "lane_id": 1687,
                "degree": -4.237692040875264
            }
        ],
        "2": [
            {
                "lane_id": 1715,
                "degree": 175.8207759914888
            },
            {
                "lane_id": 1714,
                "degree": 175.8207759914888
            },
            {
                "lane_id": 1713,
                "degree": 175.8207759914888
            }
        ]
    },
    "7": {
        "4": [
            {
                "lane_id": 1648,
                "degree": 85.86723902583786
            },
            {
                "lane_id": 1649,
                "degree": 85.86723902583786
            },
            {
                "lane_id": 1647,
                "degree": 85.85586879026607
            }
        ],
        "3": [
            {
                "lane_id": 1482,
                "degree": -94.15350080437213
            },
            {
                "lane_id": 1483,
                "degree": -94.1038558846938
            },
            {
                "lane_id": 1484,
                "degree": -94.1038558846938
            }
        ],
        "1": [
            {
                "lane_id": 1569,
                "degree": -4.200996040599879
            },
            {
                "lane_id": 1570,
                "degree": -4.200996040599879
            }
        ],
        "2": [
            {
                "lane_id": 1585,
                "degree": 175.85276521558654
            },
            {
                "lane_id": 1584,
                "degree": 175.85276521558654
            }
        ]
    },
    "8": {
        "2": [
            {
                "lane_id": 1408,
                "degree": 175.708845062894
            },
            {
                "lane_id": 1409,
                "degree": 175.74695436137165
            },
            {
                "lane_id": 1410,
                "degree": 175.74695436137165
            }
        ],
        "3": [
            {
                "lane_id": 1455,
                "degree": -97.63408195219765
            },
            {
                "lane_id": 1456,
                "degree": -97.63408195219765
            },
            {
                "lane_id": 1454,
                "degree": -97.61540295183217
            }
        ],
        "4": [
            {
                "lane_id": 1510,
                "degree": 85.86411174513313
            },
            {
                "lane_id": 1511,
                "degree": 85.91389979016694
            },
            {
                "lane_id": 1512,
                "degree": 85.91389979016694
            }
        ],
        "1": [
            {
                "lane_id": 1559,
                "degree": -4.604967241147197
            },
            {
                "lane_id": 1560,
                "degree": -4.270706538530615
            },
            {
                "lane_id": 1561,
                "degree": -4.270706538530615
            }
        ]
    },
    "9": {
        "3": [
            {
                "lane_id": 1220,
                "degree": -96.47246460668
            },
            {
                "lane_id": 1221,
                "degree": -96.47296716140507
            },
            {
                "lane_id": 1222,
                "degree": -96.47296716140507
            }
        ],
        "1": [
            {
                "lane_id": 1325,
                "degree": -3.1060990750033226
            },
            {
                "lane_id": 1324,
                "degree": -3.1060990750033226
            }
        ],
        "2": [
            {
                "lane_id": 1352,
                "degree": 173.38529734567342
            },
            {
                "lane_id": 1351,
                "degree": 173.38529734567342
            }
        ],
        "4": [
            {
                "lane_id": 1542,
                "degree": 82.32909079655687
            },
            {
                "lane_id": 1543,
                "degree": 82.20006570464575
            },
            {
                "lane_id": 1544,
                "degree": 82.20006570464575
            }
        ]
    },
    "10": {
        "3": [
            {
                "lane_id": 1056,
                "degree": -97.89234158476285
            },
            {
                "lane_id": 1057,
                "degree": -97.81803374171744
            },
            {
                "lane_id": 1058,
                "degree": -97.81803374171744
            }
        ],
        "4": [
            {
                "lane_id": 1261,
                "degree": 83.66189434400646
            },
            {
                "lane_id": 1262,
                "degree": 83.66189434400646
            },
            {
                "lane_id": 1260,
                "degree": 83.56129276480738
            }
        ],
        "1": [
            {
                "lane_id": 1116,
                "degree": -4.054039228128097
            },
            {
                "lane_id": 1117,
                "degree": -3.971209876546386
            },
            {
                "lane_id": 1118,
                "degree": -3.971209876546386
            }
        ],
        "2": [
            {
                "lane_id": 1158,
                "degree": 176.10124398001986
            },
            {
                "lane_id": 1159,
                "degree": 176.10124398001986
            },
            {
                "lane_id": 1157,
                "degree": 176.08490161586633
            }
        ]
    },
    "11": {
        "3": [
            {
                "lane_id": 945,
                "degree": -98.12506442026623
            },
            {
                "lane_id": 946,
                "degree": -98.0529250615448
            },
            {
                "lane_id": 947,
                "degree": -98.0529250615448
            }
        ],
        "1": [
            {
                "lane_id": 997,
                "degree": -3.967530359370064
            }
        ],
        "2": [
            {
                "lane_id": 1003,
                "degree": 175.69545371062813
            }
        ],
        "4": [
            {
                "lane_id": 1084,
                "degree": 82.11680726189938
            },
            {
                "lane_id": 1085,
                "degree": 82.14313879269011
            },
            {
                "lane_id": 1086,
                "degree": 82.14313879269011
            }
        ]
    },
    "12": {
        "3": [
            {
                "lane_id": 766,
                "degree": -97.92236242253526
            },
            {
                "lane_id": 767,
                "degree": -97.94139455542151
            },
            {
                "lane_id": 768,
                "degree": -97.94139455542151
            }
        ],
        "1": [
            {
                "lane_id": 916,
                "degree": -3.8702258692527236
            },
            {
                "lane_id": 917,
                "degree": -3.8702258692527236
            }
        ],
        "2": [
            {
                "lane_id": 920,
                "degree": 176.11837850071512
            },
            {
                "lane_id": 921,
                "degree": 176.11837850071512
            }
        ],
        "4": [
            {
                "lane_id": 974,
                "degree": 82.19742779495483
            },
            {
                "lane_id": 975,
                "degree": 82.19742779495483
            },
            {
                "lane_id": 973,
                "degree": 82.05609724219147
            }
        ]
    },
    "13": {
        "3": [
            {
                "lane_id": 672,
                "degree": -99.44296810296844
            },
            {
                "lane_id": 673,
                "degree": -99.44296810296844
            },
            {
                "lane_id": 671,
                "degree": -99.45104709016917
            }
        ],
        "4": [
            {
                "lane_id": 900,
                "degree": 81.36327514068876
            },
            {
                "lane_id": 901,
                "degree": 81.36327514068876
            },
            {
                "lane_id": 899,
                "degree": 81.14127530316367
            }
        ],
        "2": [
            {
                "lane_id": 851,
                "degree": 176.25002504886152
            },
            {
                "lane_id": 852,
                "degree": 176.15114329140815
            },
            {
                "lane_id": 853,
                "degree": 176.15114329140815
            }
        ],
        "1": [
            {
                "lane_id": 870,
                "degree": -3.8799013630202626
            },
            {
                "lane_id": 871,
                "degree": -3.9113252957430724
            },
            {
                "lane_id": 872,
                "degree": -3.9113252957430724
            }
        ]
    },
    "14": {
        "3": [
            {
                "lane_id": 492,
                "degree": -99.45998625430279
            },
            {
                "lane_id": 493,
                "degree": -99.26435501513915
            },
            {
                "lane_id": 494,
                "degree": -99.26435501513915
            }
        ],
        "2": [
            {
                "lane_id": 633,
                "degree": 168.2587061541356
            },
            {
                "lane_id": 634,
                "degree": 168.2587061541356
            },
            {
                "lane_id": 632,
                "degree": 168.2589659807683
            }
        ],
        "1": [
            {
                "lane_id": 563,
                "degree": -17.7359719100087
            },
            {
                "lane_id": 564,
                "degree": -17.737094279113272
            },
            {
                "lane_id": 565,
                "degree": -17.737094279113272
            }
        ],
        "4": [
            {
                "lane_id": 696,
                "degree": 80.0113846333765
            },
            {
                "lane_id": 697,
                "degree": 80.0113846333765
            },
            {
                "lane_id": 695,
                "degree": 79.98317679620756
            }
        ]
    },
    "15": {
        "2": [
            {
                "lane_id": 462,
                "degree": 179.32920387995654
            },
            {
                "lane_id": 463,
                "degree": 179.32920387995654
            },
            {
                "lane_id": 464,
                "degree": 179.32920387995654
            }
        ],
        "3": [
            {
                "lane_id": 385,
                "degree": -99.07172004999474
            },
            {
                "lane_id": 386,
                "degree": -99.07172004999474
            },
            {
                "lane_id": 384,
                "degree": -99.06581760927035
            }
        ],
        "1": [
            {
                "lane_id": 443,
                "degree": -7.828838903234316
            },
            {
                "lane_id": 444,
                "degree": -7.828838903234316
            }
        ],
        "4": [
            {
                "lane_id": 536,
                "degree": 80.99486644176106
            },
            {
                "lane_id": 537,
                "degree": 80.97708960100164
            },
            {
                "lane_id": 538,
                "degree": 80.97708960100164
            }
        ]
    },
    "16": {
        "3": [
            {
                "lane_id": 261,
                "degree": -98.73812032239749
            },
            {
                "lane_id": 262,
                "degree": -98.77152459942552
            },
            {
                "lane_id": 263,
                "degree": -98.77152459942552
            }
        ],
        "1": [
            {
                "lane_id": 312,
                "degree": -0.9955545626283138
            },
            {
                "lane_id": 313,
                "degree": -0.9955545626283138
            }
        ],
        "2": [
            {
                "lane_id": 347,
                "degree": 178.97501303570212
            },
            {
                "lane_id": 348,
                "degree": 178.97501303570212
            },
            {
                "lane_id": 349,
                "degree": 178.97501303570212
            }
        ],
        "4": [
            {
                "lane_id": 421,
                "degree": 81.49651910542273
            },
            {
                "lane_id": 422,
                "degree": 81.49651910542273
            },
            {
                "lane_id": 420,
                "degree": 81.49621024403719
            }
        ]
    },
    "17": {
        "3": [
            {
                "lane_id": 167,
                "degree": -80.53061413353781
            },
            {
                "lane_id": 168,
                "degree": -80.54101156486327
            },
            {
                "lane_id": 169,
                "degree": -80.54101156486327
            }
        ],
        "2": [
            {
                "lane_id": 232,
                "degree": 174.17279586584112
            }
        ],
        "4": [
            {
                "lane_id": 298,
                "degree": 101.41649026876095
            },
            {
                "lane_id": 299,
                "degree": 101.41649026876095
            },
            {
                "lane_id": 297,
                "degree": 101.25700439885235
            }
        ]
    },
    "18": {
        "3": [
            {
                "lane_id": 93,
                "degree": -87.30643580413114
            },
            {
                "lane_id": 94,
                "degree": -87.30643580413114
            },
            {
                "lane_id": 92,
                "degree": -87.30355472477542
            }
        ],
        "1": [
            {
                "lane_id": 137,
                "degree": -4.943760894239147
            }
        ],
        "2": [
            {
                "lane_id": 138,
                "degree": 179.90435735891566
            }
        ],
        "4": [
            {
                "lane_id": 193,
                "degree": 97.78847436732103
            },
            {
                "lane_id": 194,
                "degree": 97.78847436732103
            },
            {
                "lane_id": 192,
                "degree": 97.7800571845327
            }
        ]
    },
    "19": {
        "4": [
            {
                "lane_id": 87,
                "degree": 90.48791593453363
            },
            {
                "lane_id": 88,
                "degree": 90.44873790679597
            },
            {
                "lane_id": 89,
                "degree": 90.44873790679597
            }
        ],
        "3": [
            {
                "lane_id": 58,
                "degree": -89.57623002553403
            },
            {
                "lane_id": 59,
                "degree": -89.39434932650866
            },
            {
                "lane_id": 60,
                "degree": -89.39434932650866
            }
        ],
        "2": [
            {
                "lane_id": 19,
                "degree": 176.69908850267333
            },
            {
                "lane_id": 20,
                "degree": 176.69908850267333
            }
        ],
        "1": [
            {
                "lane_id": 6,
                "degree": -3.3286791174669257
            },
            {
                "lane_id": 7,
                "degree": -3.3286791174669257
            }
        ]
    }
}