{"570": {"start": true, "end": true}, "442": {"start": true, "end": true}, "558": {"start": true, "end": true}, "574": {"start": true, "end": true}, "622": {"start": true, "end": true}, "695": {"start": true, "end": true}, "716": {"start": true, "end": true}, "727": {"start": true, "end": true}, "759": {"start": true, "end": true}, "766": {"start": true, "end": true}, "791": {"start": true, "end": true}, "810": {"start": true, "end": true}, "818": {"start": true, "end": true}, "826": {"start": true, "end": true}, "828": {"start": true, "end": true}, "838": {"start": true, "end": true}, "840": {"start": true, "end": true}, "914": {"start": true, "end": true}, "943": {"start": true, "end": true}, "946": {"start": true, "end": true}, "948": {"start": true, "end": true}, "988": {"start": true, "end": true}, "990": {"start": true, "end": true}, "1233": {"start": true, "end": true}, "1316": {"start": true, "end": true}, "1432": {"start": true, "end": true}, "1484": {"start": true, "end": true}, "1900": {"start": true, "end": true}, "1957": {"start": false, "end": true}, "2000": {"start": true, "end": true}, "2050": {"start": true, "end": true}, "2067": {"start": true, "end": true}, "2159": {"start": true, "end": true}, "2487": {"start": true, "end": true}, "2624": {"start": true, "end": true}, "2760": {"start": true, "end": true}, "2785": {"start": false, "end": true}, "2870": {"start": true, "end": true}, "2897": {"start": true, "end": true}, "2900": {"start": true, "end": true}, "3242": {"start": true, "end": true}, "3246": {"start": true, "end": true}, "3252": {"start": true, "end": true}, "3283": {"start": true, "end": true}, "3317": {"start": true, "end": true}, "3453": {"start": true, "end": true}, "3465": {"start": true, "end": true}, "3466": {"start": true, "end": true}, "3476": {"start": true, "end": true}, "3479": {"start": true, "end": true}, "3502": {"start": true, "end": true}, "3504": {"start": true, "end": true}, "3575": {"start": true, "end": true}, "3578": {"start": true, "end": true}, "3672": {"start": true, "end": true}, "3724": {"start": true, "end": true}, "3774": {"start": false, "end": true}, "3860": {"start": false, "end": true}, "3867": {"start": true, "end": true}, "3869": {"start": true, "end": true}, "3946": {"start": true, "end": true}, "3948": {"start": true, "end": true}, "4265": {"start": true, "end": true}, "4290": {"start": true, "end": true}, "1": {"start": true, "end": true}, "3": {"start": true, "end": true}, "7": {"start": true, "end": true}, "11": {"start": true, "end": true}, "13": {"start": true, "end": true}, "15": {"start": true, "end": true}, "19": {"start": true, "end": true}, "23": {"start": true, "end": true}, "25": {"start": true, "end": true}, "27": {"start": true, "end": true}, "33": {"start": true, "end": true}, "35": {"start": true, "end": true}, "39": {"start": true, "end": true}, "41": {"start": true, "end": true}, "43": {"start": true, "end": true}, "45": {"start": true, "end": true}, "47": {"start": true, "end": true}, "51": {"start": true, "end": true}, "53": {"start": true, "end": true}, "55": {"start": true, "end": true}, "59": {"start": true, "end": true}, "65": {"start": true, "end": true}, "67": {"start": true, "end": true}, "69": {"start": true, "end": true}, "71": {"start": true, "end": true}, "73": {"start": true, "end": true}, "75": {"start": true, "end": true}, "77": {"start": true, "end": true}, "79": {"start": true, "end": true}, "81": {"start": true, "end": true}, "83": {"start": true, "end": true}, "87": {"start": true, "end": true}, "91": {"start": true, "end": true}, "95": {"start": true, "end": true}, "99": {"start": true, "end": true}, "101": {"start": true, "end": true}, "103": {"start": true, "end": false}, "105": {"start": true, "end": true}, "107": {"start": true, "end": true}, "115": {"start": true, "end": true}, "117": {"start": true, "end": true}, "119": {"start": true, "end": false}, "121": {"start": true, "end": true}, "123": {"start": true, "end": true}, "125": {"start": true, "end": true}, "127": {"start": true, "end": true}, "129": {"start": true, "end": true}, "131": {"start": true, "end": true}, "133": {"start": true, "end": true}, "135": {"start": true, "end": true}, "137": {"start": true, "end": true}, "139": {"start": true, "end": true}, "141": {"start": true, "end": true}, "143": {"start": true, "end": true}, "145": {"start": true, "end": true}, "147": {"start": true, "end": true}, "149": {"start": false, "end": true}, "151": {"start": false, "end": true}, "155": {"start": true, "end": true}, "157": {"start": true, "end": true}, "159": {"start": true, "end": true}, "161": {"start": true, "end": true}, "163": {"start": true, "end": true}, "165": {"start": true, "end": true}, "167": {"start": true, "end": true}, "169": {"start": true, "end": true}, "171": {"start": true, "end": true}, "173": {"start": true, "end": true}, "175": {"start": true, "end": true}, "177": {"start": true, "end": true}, "179": {"start": true, "end": true}, "181": {"start": true, "end": true}, "183": {"start": true, "end": true}, "187": {"start": true, "end": true}, "191": {"start": true, "end": true}, "193": {"start": true, "end": true}, "195": {"start": true, "end": true}, "197": {"start": true, "end": true}, "199": {"start": true, "end": true}, "205": {"start": true, "end": true}, "207": {"start": true, "end": true}, "209": {"start": true, "end": true}, "211": {"start": true, "end": true}, "213": {"start": true, "end": true}, "215": {"start": true, "end": true}, "219": {"start": true, "end": true}, "221": {"start": true, "end": true}, "224": {"start": true, "end": true}, "227": {"start": true, "end": true}, "229": {"start": true, "end": true}, "233": {"start": true, "end": true}, "235": {"start": true, "end": true}, "237": {"start": true, "end": true}, "241": {"start": true, "end": true}, "245": {"start": true, "end": true}, "249": {"start": true, "end": true}, "253": {"start": true, "end": true}, "257": {"start": true, "end": true}, "261": {"start": true, "end": true}, "263": {"start": true, "end": true}, "265": {"start": true, "end": true}, "269": {"start": true, "end": true}, "271": {"start": true, "end": true}, "273": {"start": true, "end": true}, "275": {"start": true, "end": true}, "277": {"start": true, "end": true}, "281": {"start": true, "end": true}, "283": {"start": true, "end": true}, "285": {"start": true, "end": true}, "291": {"start": true, "end": true}, "293": {"start": true, "end": true}, "295": {"start": true, "end": true}, "297": {"start": true, "end": true}, "299": {"start": true, "end": true}, "301": {"start": true, "end": false}, "303": {"start": true, "end": true}, "305": {"start": true, "end": true}, "307": {"start": true, "end": true}, "309": {"start": true, "end": true}, "313": {"start": true, "end": true}, "315": {"start": true, "end": true}, "317": {"start": true, "end": true}, "319": {"start": true, "end": true}, "321": {"start": true, "end": true}, "325": {"start": true, "end": true}, "327": {"start": true, "end": true}, "329": {"start": true, "end": true}, "331": {"start": true, "end": true}, "333": {"start": true, "end": true}, "335": {"start": true, "end": true}, "337": {"start": true, "end": true}, "341": {"start": true, "end": true}, "343": {"start": true, "end": true}, "345": {"start": true, "end": true}, "349": {"start": true, "end": true}, "351": {"start": true, "end": true}, "353": {"start": true, "end": true}, "361": {"start": true, "end": true}, "363": {"start": true, "end": true}, "365": {"start": true, "end": true}, "373": {"start": true, "end": true}, "377": {"start": true, "end": true}, "379": {"start": true, "end": true}, "381": {"start": true, "end": true}, "383": {"start": true, "end": true}, "385": {"start": true, "end": true}, "389": {"start": true, "end": true}, "391": {"start": true, "end": true}, "393": {"start": true, "end": true}, "397": {"start": true, "end": true}, "399": {"start": true, "end": true}, "401": {"start": true, "end": true}, "403": {"start": true, "end": true}, "405": {"start": true, "end": true}, "407": {"start": true, "end": true}, "409": {"start": true, "end": true}, "411": {"start": true, "end": true}, "413": {"start": true, "end": true}, "417": {"start": true, "end": true}, "421": {"start": true, "end": true}, "423": {"start": true, "end": true}, "425": {"start": true, "end": true}, "429": {"start": false, "end": true}, "431": {"start": true, "end": true}, "433": {"start": true, "end": true}, "435": {"start": true, "end": true}, "437": {"start": true, "end": true}, "440": {"start": true, "end": false}, "444": {"start": false, "end": true}, "449": {"start": true, "end": true}, "451": {"start": true, "end": true}, "453": {"start": true, "end": true}, "455": {"start": true, "end": false}, "457": {"start": true, "end": true}, "459": {"start": true, "end": true}, "461": {"start": true, "end": true}, "463": {"start": true, "end": true}, "471": {"start": true, "end": false}, "481": {"start": true, "end": true}, "483": {"start": true, "end": true}, "485": {"start": true, "end": true}, "487": {"start": true, "end": true}, "489": {"start": true, "end": true}, "491": {"start": true, "end": true}, "497": {"start": true, "end": true}, "499": {"start": true, "end": true}, "505": {"start": true, "end": true}, "506": {"start": false, "end": true}, "519": {"start": true, "end": true}, "521": {"start": true, "end": true}, "523": {"start": true, "end": true}, "525": {"start": false, "end": true}, "530": {"start": false, "end": true}, "532": {"start": false, "end": false}, "534": {"start": true, "end": true}, "536": {"start": true, "end": true}, "538": {"start": false, "end": true}, "543": {"start": true, "end": true}, "545": {"start": true, "end": true}, "547": {"start": true, "end": true}, "552": {"start": true, "end": true}, "554": {"start": true, "end": true}, "557": {"start": true, "end": true}, "562": {"start": true, "end": true}, "564": {"start": false, "end": true}, "566": {"start": true, "end": true}, "568": {"start": true, "end": true}, "573": {"start": false, "end": false}, "576": {"start": true, "end": true}, "578": {"start": true, "end": true}, "580": {"start": true, "end": false}, "582": {"start": true, "end": false}, "584": {"start": true, "end": true}, "586": {"start": true, "end": true}, "592": {"start": true, "end": true}, "594": {"start": true, "end": true}, "596": {"start": true, "end": true}, "598": {"start": true, "end": true}, "600": {"start": true, "end": true}, "602": {"start": true, "end": true}, "604": {"start": true, "end": true}, "606": {"start": true, "end": true}, "610": {"start": true, "end": false}, "614": {"start": true, "end": true}, "616": {"start": true, "end": true}, "618": {"start": true, "end": true}, "629": {"start": true, "end": true}, "631": {"start": true, "end": true}, "632": {"start": false, "end": true}, "665": {"start": true, "end": true}, "666": {"start": true, "end": true}, "679": {"start": true, "end": true}, "680": {"start": false, "end": true}, "702": {"start": true, "end": true}, "712": {"start": true, "end": true}, "713": {"start": false, "end": true}, "764": {"start": true, "end": true}, "767": {"start": true, "end": true}, "792": {"start": true, "end": false}, "798": {"start": true, "end": true}, "801": {"start": true, "end": true}, "814": {"start": true, "end": true}, "819": {"start": true, "end": true}, "822": {"start": true, "end": true}, "824": {"start": true, "end": true}, "834": {"start": true, "end": true}, "836": {"start": true, "end": true}, "842": {"start": true, "end": true}, "844": {"start": true, "end": true}, "849": {"start": false, "end": true}, "852": {"start": true, "end": true}, "854": {"start": true, "end": true}, "860": {"start": true, "end": true}, "862": {"start": true, "end": true}, "866": {"start": true, "end": true}, "870": {"start": true, "end": true}, "872": {"start": true, "end": true}, "874": {"start": true, "end": false}, "880": {"start": true, "end": true}, "882": {"start": true, "end": true}, "888": {"start": true, "end": true}, "890": {"start": true, "end": true}, "892": {"start": true, "end": true}, "894": {"start": true, "end": true}, "898": {"start": true, "end": true}, "904": {"start": true, "end": true}, "906": {"start": true, "end": true}, "916": {"start": true, "end": true}, "918": {"start": true, "end": true}, "920": {"start": false, "end": true}, "922": {"start": true, "end": true}, "930": {"start": true, "end": true}, "936": {"start": true, "end": true}, "938": {"start": true, "end": true}, "950": {"start": true, "end": true}, "952": {"start": true, "end": false}, "957": {"start": false, "end": true}, "960": {"start": true, "end": true}, "962": {"start": true, "end": true}, "968": {"start": true, "end": true}, "970": {"start": true, "end": false}, "972": {"start": true, "end": true}, "974": {"start": true, "end": true}, "980": {"start": true, "end": true}, "982": {"start": true, "end": true}, "984": {"start": true, "end": true}, "986": {"start": true, "end": true}, "992": {"start": true, "end": true}, "994": {"start": true, "end": true}, "998": {"start": true, "end": true}, "1003": {"start": true, "end": true}, "1004": {"start": true, "end": true}, "1006": {"start": true, "end": true}, "1008": {"start": true, "end": true}, "1010": {"start": true, "end": true}, "1016": {"start": true, "end": true}, "1018": {"start": true, "end": true}, "1020": {"start": true, "end": true}, "1023": {"start": true, "end": true}, "1028": {"start": true, "end": true}, "1030": {"start": true, "end": true}, "1036": {"start": true, "end": true}, "1038": {"start": true, "end": true}, "1041": {"start": false, "end": false}, "1045": {"start": true, "end": true}, "1047": {"start": true, "end": true}, "1054": {"start": false, "end": true}, "1057": {"start": true, "end": true}, "1059": {"start": true, "end": true}, "1063": {"start": true, "end": true}, "1065": {"start": true, "end": true}, "1067": {"start": true, "end": true}, "1073": {"start": true, "end": true}, "1075": {"start": true, "end": true}, "1077": {"start": true, "end": true}, "1079": {"start": true, "end": true}, "1081": {"start": true, "end": true}, "1083": {"start": true, "end": true}, "1089": {"start": true, "end": true}, "1091": {"start": true, "end": true}, "1093": {"start": true, "end": true}, "1095": {"start": true, "end": true}, "1099": {"start": true, "end": true}, "1101": {"start": true, "end": true}, "1103": {"start": true, "end": true}, "1109": {"start": true, "end": true}, "1113": {"start": true, "end": true}, "1115": {"start": true, "end": true}, "1117": {"start": true, "end": true}, "1119": {"start": true, "end": true}, "1123": {"start": true, "end": true}, "1129": {"start": true, "end": true}, "1131": {"start": true, "end": true}, "1137": {"start": true, "end": true}, "1139": {"start": true, "end": true}, "1145": {"start": true, "end": true}, "1147": {"start": true, "end": true}, "1153": {"start": true, "end": true}, "1155": {"start": true, "end": false}, "1161": {"start": true, "end": true}, "1163": {"start": true, "end": true}, "1169": {"start": true, "end": true}, "1171": {"start": true, "end": true}, "1173": {"start": true, "end": true}, "1175": {"start": true, "end": true}, "1177": {"start": true, "end": true}, "1179": {"start": true, "end": true}, "1183": {"start": true, "end": true}, "1185": {"start": true, "end": true}, "1187": {"start": true, "end": false}, "1189": {"start": false, "end": true}, "1192": {"start": true, "end": true}, "1198": {"start": true, "end": true}, "1200": {"start": true, "end": true}, "1206": {"start": true, "end": true}, "1208": {"start": true, "end": true}, "1210": {"start": true, "end": true}, "1212": {"start": true, "end": false}, "1218": {"start": true, "end": true}, "1220": {"start": true, "end": true}, "1226": {"start": true, "end": true}, "1228": {"start": true, "end": true}, "1235": {"start": true, "end": true}, "1237": {"start": true, "end": true}, "1239": {"start": true, "end": true}, "1241": {"start": true, "end": true}, "1243": {"start": true, "end": true}, "1245": {"start": true, "end": true}, "1247": {"start": true, "end": true}, "1249": {"start": true, "end": true}, "1251": {"start": true, "end": true}, "1253": {"start": true, "end": true}, "1259": {"start": true, "end": true}, "1261": {"start": true, "end": true}, "1267": {"start": true, "end": true}, "1269": {"start": true, "end": false}, "1271": {"start": true, "end": true}, "1273": {"start": true, "end": true}, "1279": {"start": true, "end": true}, "1281": {"start": true, "end": true}, "1286": {"start": false, "end": true}, "1289": {"start": true, "end": true}, "1291": {"start": true, "end": false}, "1293": {"start": true, "end": true}, "1295": {"start": true, "end": true}, "1297": {"start": true, "end": false}, "1299": {"start": true, "end": false}, "1305": {"start": true, "end": true}, "1307": {"start": true, "end": true}, "1309": {"start": true, "end": true}, "1311": {"start": true, "end": true}, "1319": {"start": true, "end": true}, "1321": {"start": true, "end": true}, "1323": {"start": true, "end": true}, "1325": {"start": true, "end": true}, "1331": {"start": true, "end": true}, "1333": {"start": true, "end": false}, "1335": {"start": true, "end": true}, "1337": {"start": true, "end": true}, "1343": {"start": true, "end": true}, "1345": {"start": true, "end": true}, "1351": {"start": true, "end": true}, "1353": {"start": true, "end": true}, "1355": {"start": true, "end": true}, "1357": {"start": true, "end": true}, "1359": {"start": true, "end": true}, "1361": {"start": true, "end": true}, "1367": {"start": true, "end": true}, "1369": {"start": true, "end": true}, "1371": {"start": true, "end": true}, "1373": {"start": true, "end": true}, "1375": {"start": true, "end": true}, "1377": {"start": true, "end": true}, "1383": {"start": true, "end": true}, "1385": {"start": true, "end": true}, "1391": {"start": true, "end": true}, "1393": {"start": true, "end": true}, "1395": {"start": true, "end": true}, "1397": {"start": true, "end": true}, "1399": {"start": true, "end": true}, "1401": {"start": true, "end": true}, "1403": {"start": true, "end": true}, "1405": {"start": true, "end": false}, "1411": {"start": true, "end": true}, "1413": {"start": true, "end": true}, "1415": {"start": false, "end": true}, "1417": {"start": false, "end": false}, "1419": {"start": true, "end": true}, "1421": {"start": true, "end": true}, "1427": {"start": true, "end": true}, "1429": {"start": true, "end": true}, "1439": {"start": false, "end": true}, "1442": {"start": true, "end": true}, "1444": {"start": true, "end": true}, "1450": {"start": true, "end": true}, "1452": {"start": true, "end": true}, "1454": {"start": true, "end": true}, "1456": {"start": true, "end": true}, "1462": {"start": true, "end": true}, "1464": {"start": true, "end": true}, "1466": {"start": true, "end": true}, "1468": {"start": true, "end": true}, "1474": {"start": true, "end": true}, "1476": {"start": true, "end": true}, "1481": {"start": true, "end": true}, "1482": {"start": true, "end": true}, "1483": {"start": true, "end": true}, "1486": {"start": true, "end": true}, "1488": {"start": true, "end": true}, "1497": {"start": false, "end": true}, "1500": {"start": true, "end": true}, "1502": {"start": false, "end": false}, "1512": {"start": true, "end": true}, "1514": {"start": true, "end": true}, "1516": {"start": true, "end": true}, "1518": {"start": true, "end": true}, "1520": {"start": true, "end": true}, "1522": {"start": true, "end": true}, "1535": {"start": true, "end": true}, "1536": {"start": true, "end": true}, "1537": {"start": true, "end": true}, "1540": {"start": true, "end": true}, "1542": {"start": true, "end": true}, "1548": {"start": true, "end": true}, "1550": {"start": true, "end": true}, "1552": {"start": true, "end": false}, "1554": {"start": true, "end": false}, "1560": {"start": true, "end": true}, "1562": {"start": true, "end": true}, "1570": {"start": true, "end": true}, "1572": {"start": true, "end": true}, "1574": {"start": true, "end": true}, "1576": {"start": true, "end": true}, "1578": {"start": true, "end": true}, "1584": {"start": true, "end": true}, "1586": {"start": true, "end": true}, "1591": {"start": true, "end": true}, "1598": {"start": true, "end": true}, "1600": {"start": true, "end": true}, "1602": {"start": true, "end": true}, "1604": {"start": true, "end": true}, "1614": {"start": true, "end": true}, "1616": {"start": true, "end": true}, "1618": {"start": true, "end": true}, "1620": {"start": true, "end": true}, "1622": {"start": true, "end": true}, "1624": {"start": true, "end": true}, "1630": {"start": true, "end": true}, "1632": {"start": true, "end": true}, "1634": {"start": true, "end": true}, "1636": {"start": true, "end": true}, "1642": {"start": true, "end": true}, "1644": {"start": true, "end": true}, "1646": {"start": true, "end": true}, "1648": {"start": true, "end": true}, "1650": {"start": true, "end": true}, "1652": {"start": true, "end": true}, "1658": {"start": true, "end": true}, "1660": {"start": true, "end": true}, "1662": {"start": true, "end": true}, "1664": {"start": true, "end": true}, "1666": {"start": true, "end": true}, "1668": {"start": true, "end": true}, "1670": {"start": true, "end": true}, "1672": {"start": true, "end": true}, "1678": {"start": true, "end": true}, "1680": {"start": true, "end": true}, "1682": {"start": true, "end": true}, "1684": {"start": true, "end": true}, "1697": {"start": true, "end": true}, "1700": {"start": true, "end": true}, "1702": {"start": true, "end": true}, "1704": {"start": true, "end": true}, "1706": {"start": true, "end": true}, "1712": {"start": true, "end": true}, "1714": {"start": true, "end": true}, "1720": {"start": true, "end": false}, "1722": {"start": true, "end": false}, "1724": {"start": true, "end": true}, "1726": {"start": true, "end": true}, "1732": {"start": true, "end": true}, "1734": {"start": true, "end": true}, "1736": {"start": true, "end": true}, "1738": {"start": true, "end": true}, "1740": {"start": true, "end": true}, "1742": {"start": true, "end": true}, "1744": {"start": true, "end": true}, "1746": {"start": true, "end": true}, "1748": {"start": true, "end": true}, "1750": {"start": true, "end": true}, "1760": {"start": true, "end": true}, "1762": {"start": true, "end": true}, "1768": {"start": false, "end": true}, "1770": {"start": true, "end": true}, "1772": {"start": true, "end": true}, "1774": {"start": true, "end": true}, "1779": {"start": true, "end": true}, "1782": {"start": true, "end": true}, "1784": {"start": true, "end": true}, "1790": {"start": true, "end": true}, "1792": {"start": true, "end": true}, "1794": {"start": true, "end": false}, "1796": {"start": true, "end": true}, "1798": {"start": true, "end": true}, "1800": {"start": true, "end": true}, "1806": {"start": true, "end": true}, "1808": {"start": true, "end": true}, "1810": {"start": true, "end": true}, "1812": {"start": true, "end": true}, "1818": {"start": true, "end": true}, "1820": {"start": true, "end": true}, "1824": {"start": true, "end": true}, "1826": {"start": false, "end": true}, "1828": {"start": true, "end": true}, "1836": {"start": true, "end": true}, "1838": {"start": true, "end": true}, "1840": {"start": true, "end": true}, "1842": {"start": true, "end": true}, "1844": {"start": true, "end": true}, "1846": {"start": true, "end": true}, "1848": {"start": true, "end": true}, "1852": {"start": true, "end": true}, "1854": {"start": true, "end": false}, "1856": {"start": true, "end": true}, "1862": {"start": true, "end": true}, "1864": {"start": true, "end": true}, "1866": {"start": true, "end": true}, "1868": {"start": true, "end": true}, "1874": {"start": true, "end": true}, "1876": {"start": true, "end": true}, "1878": {"start": true, "end": true}, "1880": {"start": true, "end": false}, "1886": {"start": true, "end": true}, "1888": {"start": true, "end": true}, "1890": {"start": true, "end": true}, "1892": {"start": false, "end": false}, "1906": {"start": false, "end": true}, "1908": {"start": true, "end": true}, "1910": {"start": true, "end": true}, "1911": {"start": true, "end": true}, "1912": {"start": true, "end": true}, "1920": {"start": true, "end": true}, "1922": {"start": true, "end": true}, "1924": {"start": true, "end": true}, "1925": {"start": false, "end": false}, "1927": {"start": true, "end": true}, "1928": {"start": true, "end": false}, "1932": {"start": true, "end": true}, "1933": {"start": false, "end": true}, "1936": {"start": true, "end": true}, "1938": {"start": true, "end": true}, "1942": {"start": true, "end": true}, "1944": {"start": true, "end": true}, "1946": {"start": true, "end": true}, "1948": {"start": true, "end": true}, "1950": {"start": true, "end": true}, "1952": {"start": false, "end": false}, "1958": {"start": true, "end": true}, "1959": {"start": false, "end": false}, "1961": {"start": false, "end": true}, "1962": {"start": false, "end": false}, "1964": {"start": false, "end": true}, "1969": {"start": false, "end": true}, "1972": {"start": true, "end": true}, "1974": {"start": false, "end": true}, "1979": {"start": false, "end": true}, "1984": {"start": true, "end": true}, "1995": {"start": true, "end": true}, "1997": {"start": true, "end": true}, "1998": {"start": false, "end": false}, "2001": {"start": true, "end": false}, "2031": {"start": true, "end": true}, "2032": {"start": false, "end": true}, "2051": {"start": true, "end": true}, "2055": {"start": true, "end": true}, "2056": {"start": false, "end": false}, "2058": {"start": false, "end": true}, "2063": {"start": true, "end": true}, "2069": {"start": true, "end": true}, "2071": {"start": true, "end": true}, "2073": {"start": true, "end": true}, "2075": {"start": true, "end": true}, "2078": {"start": true, "end": true}, "2082": {"start": true, "end": true}, "2084": {"start": true, "end": true}, "2090": {"start": true, "end": true}, "2092": {"start": true, "end": true}, "2098": {"start": true, "end": true}, "2100": {"start": true, "end": true}, "2102": {"start": true, "end": true}, "2104": {"start": true, "end": true}, "2106": {"start": true, "end": true}, "2108": {"start": true, "end": true}, "2110": {"start": true, "end": true}, "2112": {"start": true, "end": false}, "2114": {"start": true, "end": true}, "2116": {"start": true, "end": true}, "2122": {"start": true, "end": true}, "2124": {"start": true, "end": true}, "2126": {"start": true, "end": true}, "2128": {"start": true, "end": false}, "2130": {"start": true, "end": true}, "2132": {"start": true, "end": true}, "2137": {"start": false, "end": true}, "2140": {"start": true, "end": true}, "2142": {"start": true, "end": true}, "2148": {"start": true, "end": true}, "2150": {"start": true, "end": true}, "2152": {"start": true, "end": true}, "2154": {"start": true, "end": true}, "2162": {"start": true, "end": true}, "2164": {"start": true, "end": true}, "2166": {"start": true, "end": false}, "2168": {"start": true, "end": true}, "2174": {"start": true, "end": true}, "2176": {"start": false, "end": false}, "2181": {"start": true, "end": false}, "2188": {"start": true, "end": true}, "2190": {"start": true, "end": true}, "2196": {"start": true, "end": true}, "2198": {"start": true, "end": true}, "2200": {"start": true, "end": true}, "2204": {"start": true, "end": true}, "2206": {"start": true, "end": true}, "2213": {"start": true, "end": false}, "2214": {"start": true, "end": true}, "2216": {"start": true, "end": true}, "2218": {"start": true, "end": true}, "2220": {"start": true, "end": true}, "2222": {"start": true, "end": true}, "2228": {"start": true, "end": true}, "2230": {"start": true, "end": true}, "2232": {"start": true, "end": false}, "2234": {"start": true, "end": false}, "2236": {"start": true, "end": true}, "2238": {"start": true, "end": true}, "2240": {"start": true, "end": true}, "2242": {"start": true, "end": true}, "2247": {"start": true, "end": true}, "2248": {"start": true, "end": true}, "2249": {"start": true, "end": true}, "2251": {"start": true, "end": true}, "2254": {"start": true, "end": true}, "2256": {"start": true, "end": true}, "2262": {"start": true, "end": true}, "2264": {"start": true, "end": true}, "2266": {"start": true, "end": true}, "2268": {"start": true, "end": true}, "2274": {"start": true, "end": true}, "2276": {"start": true, "end": true}, "2278": {"start": true, "end": true}, "2280": {"start": true, "end": true}, "2282": {"start": true, "end": true}, "2286": {"start": true, "end": true}, "2288": {"start": true, "end": true}, "2294": {"start": true, "end": true}, "2296": {"start": true, "end": true}, "2298": {"start": true, "end": true}, "2300": {"start": true, "end": true}, "2302": {"start": true, "end": true}, "2304": {"start": true, "end": true}, "2310": {"start": true, "end": true}, "2312": {"start": true, "end": true}, "2314": {"start": true, "end": true}, "2316": {"start": true, "end": false}, "2318": {"start": true, "end": true}, "2320": {"start": true, "end": true}, "2326": {"start": true, "end": true}, "2328": {"start": true, "end": true}, "2330": {"start": true, "end": true}, "2332": {"start": true, "end": true}, "2334": {"start": true, "end": true}, "2336": {"start": true, "end": true}, "2340": {"start": true, "end": true}, "2342": {"start": true, "end": true}, "2344": {"start": true, "end": true}, "2346": {"start": true, "end": true}, "2348": {"start": true, "end": true}, "2354": {"start": true, "end": true}, "2356": {"start": true, "end": true}, "2358": {"start": true, "end": true}, "2360": {"start": true, "end": false}, "2366": {"start": true, "end": true}, "2368": {"start": true, "end": true}, "2374": {"start": true, "end": true}, "2376": {"start": true, "end": true}, "2382": {"start": true, "end": true}, "2384": {"start": true, "end": true}, "2389": {"start": false, "end": false}, "2392": {"start": true, "end": true}, "2394": {"start": true, "end": true}, "2396": {"start": true, "end": true}, "2398": {"start": true, "end": true}, "2403": {"start": true, "end": true}, "2404": {"start": true, "end": true}, "2406": {"start": true, "end": true}, "2408": {"start": true, "end": true}, "2410": {"start": true, "end": true}, "2412": {"start": true, "end": true}, "2414": {"start": true, "end": true}, "2416": {"start": true, "end": true}, "2422": {"start": true, "end": true}, "2424": {"start": true, "end": true}, "2430": {"start": true, "end": true}, "2432": {"start": true, "end": true}, "2434": {"start": true, "end": true}, "2436": {"start": true, "end": true}, "2442": {"start": true, "end": true}, "2444": {"start": true, "end": true}, "2446": {"start": true, "end": false}, "2448": {"start": true, "end": false}, "2454": {"start": true, "end": true}, "2456": {"start": true, "end": true}, "2458": {"start": true, "end": true}, "2460": {"start": true, "end": true}, "2466": {"start": true, "end": true}, "2468": {"start": true, "end": true}, "2470": {"start": true, "end": true}, "2472": {"start": true, "end": true}, "2478": {"start": false, "end": true}, "2480": {"start": true, "end": true}, "2482": {"start": true, "end": true}, "2484": {"start": true, "end": true}, "2491": {"start": true, "end": true}, "2493": {"start": true, "end": true}, "2498": {"start": true, "end": true}, "2501": {"start": true, "end": true}, "2503": {"start": true, "end": true}, "2505": {"start": true, "end": true}, "2507": {"start": true, "end": true}, "2509": {"start": true, "end": true}, "2511": {"start": true, "end": true}, "2517": {"start": true, "end": true}, "2519": {"start": true, "end": true}, "2521": {"start": true, "end": true}, "2523": {"start": true, "end": true}, "2529": {"start": true, "end": true}, "2531": {"start": true, "end": true}, "2536": {"start": true, "end": true}, "2539": {"start": true, "end": true}, "2541": {"start": true, "end": true}, "2545": {"start": true, "end": true}, "2551": {"start": true, "end": true}, "2553": {"start": true, "end": true}, "2561": {"start": true, "end": true}, "2563": {"start": true, "end": true}, "2565": {"start": true, "end": true}, "2571": {"start": true, "end": true}, "2573": {"start": true, "end": true}, "2575": {"start": true, "end": true}, "2577": {"start": true, "end": true}, "2582": {"start": true, "end": true}, "2585": {"start": true, "end": true}, "2587": {"start": true, "end": true}, "2589": {"start": true, "end": true}, "2591": {"start": true, "end": true}, "2597": {"start": true, "end": true}, "2599": {"start": true, "end": true}, "2601": {"start": true, "end": true}, "2603": {"start": true, "end": true}, "2605": {"start": true, "end": true}, "2607": {"start": true, "end": true}, "2613": {"start": true, "end": true}, "2615": {"start": true, "end": true}, "2617": {"start": true, "end": true}, "2619": {"start": true, "end": true}, "2626": {"start": true, "end": true}, "2628": {"start": true, "end": true}, "2630": {"start": true, "end": true}, "2632": {"start": true, "end": true}, "2638": {"start": false, "end": true}, "2640": {"start": true, "end": true}, "2642": {"start": true, "end": true}, "2644": {"start": true, "end": true}, "2655": {"start": false, "end": true}, "2658": {"start": true, "end": true}, "2660": {"start": true, "end": true}, "2663": {"start": true, "end": true}, "2671": {"start": true, "end": true}, "2673": {"start": true, "end": true}, "2675": {"start": true, "end": true}, "2677": {"start": true, "end": true}, "2679": {"start": true, "end": false}, "2681": {"start": true, "end": false}, "2683": {"start": true, "end": true}, "2685": {"start": true, "end": true}, "2687": {"start": true, "end": true}, "2689": {"start": true, "end": true}, "2691": {"start": true, "end": true}, "2693": {"start": true, "end": true}, "2695": {"start": true, "end": true}, "2697": {"start": true, "end": true}, "2702": {"start": false, "end": true}, "2705": {"start": true, "end": true}, "2707": {"start": true, "end": true}, "2709": {"start": true, "end": true}, "2711": {"start": true, "end": false}, "2717": {"start": true, "end": false}, "2719": {"start": true, "end": false}, "2721": {"start": true, "end": true}, "2723": {"start": true, "end": true}, "2729": {"start": true, "end": true}, "2731": {"start": true, "end": true}, "2733": {"start": true, "end": true}, "2735": {"start": true, "end": true}, "2741": {"start": true, "end": true}, "2744": {"start": true, "end": true}, "2750": {"start": false, "end": true}, "2755": {"start": false, "end": true}, "2765": {"start": false, "end": true}, "2770": {"start": false, "end": true}, "2775": {"start": false, "end": true}, "2780": {"start": false, "end": true}, "2790": {"start": false, "end": false}, "2795": {"start": false, "end": true}, "2800": {"start": false, "end": true}, "2807": {"start": false, "end": true}, "2808": {"start": true, "end": true}, "2809": {"start": true, "end": true}, "2810": {"start": true, "end": true}, "2815": {"start": true, "end": true}, "2816": {"start": true, "end": false}, "2829": {"start": true, "end": true}, "2830": {"start": false, "end": true}, "2839": {"start": true, "end": true}, "2840": {"start": false, "end": true}, "2849": {"start": true, "end": true}, "2855": {"start": true, "end": true}, "2857": {"start": true, "end": true}, "2878": {"start": true, "end": true}, "2884": {"start": true, "end": true}, "2886": {"start": true, "end": false}, "2892": {"start": true, "end": true}, "2894": {"start": true, "end": true}, "2896": {"start": true, "end": true}, "2902": {"start": true, "end": true}, "2904": {"start": true, "end": true}, "2906": {"start": true, "end": true}, "2908": {"start": true, "end": true}, "2916": {"start": true, "end": false}, "2918": {"start": true, "end": true}, "2920": {"start": true, "end": false}, "2922": {"start": true, "end": true}, "2924": {"start": true, "end": true}, "2930": {"start": true, "end": true}, "2932": {"start": true, "end": true}, "2938": {"start": true, "end": true}, "2940": {"start": true, "end": true}, "2942": {"start": true, "end": true}, "2944": {"start": true, "end": true}, "2949": {"start": true, "end": false}, "2952": {"start": true, "end": true}, "2954": {"start": true, "end": true}, "2959": {"start": true, "end": true}, "2962": {"start": true, "end": true}, "2964": {"start": true, "end": true}, "2966": {"start": true, "end": true}, "2968": {"start": true, "end": true}, "2970": {"start": true, "end": true}, "2972": {"start": true, "end": true}, "2977": {"start": false, "end": true}, "2978": {"start": true, "end": true}, "2980": {"start": true, "end": true}, "2982": {"start": true, "end": true}, "2984": {"start": true, "end": true}, "2986": {"start": true, "end": true}, "2992": {"start": true, "end": true}, "2994": {"start": true, "end": true}, "3000": {"start": true, "end": true}, "3002": {"start": true, "end": true}, "3004": {"start": true, "end": true}, "3006": {"start": true, "end": true}, "3016": {"start": true, "end": true}, "3018": {"start": true, "end": true}, "3020": {"start": true, "end": true}, "3022": {"start": true, "end": true}, "3024": {"start": true, "end": true}, "3026": {"start": true, "end": true}, "3032": {"start": true, "end": true}, "3034": {"start": true, "end": true}, "3036": {"start": true, "end": true}, "3038": {"start": true, "end": true}, "3046": {"start": true, "end": false}, "3048": {"start": true, "end": true}, "3050": {"start": true, "end": true}, "3052": {"start": true, "end": true}, "3054": {"start": true, "end": false}, "3059": {"start": false, "end": true}, "3062": {"start": true, "end": true}, "3064": {"start": true, "end": true}, "3066": {"start": true, "end": true}, "3068": {"start": true, "end": true}, "3070": {"start": true, "end": true}, "3072": {"start": true, "end": true}, "3078": {"start": true, "end": true}, "3080": {"start": true, "end": true}, "3086": {"start": true, "end": true}, "3088": {"start": true, "end": true}, "3094": {"start": true, "end": true}, "3096": {"start": true, "end": true}, "3098": {"start": true, "end": true}, "3100": {"start": true, "end": true}, "3102": {"start": true, "end": true}, "3104": {"start": true, "end": true}, "3106": {"start": true, "end": true}, "3108": {"start": true, "end": true}, "3114": {"start": true, "end": true}, "3116": {"start": true, "end": true}, "3118": {"start": true, "end": true}, "3120": {"start": true, "end": true}, "3126": {"start": true, "end": true}, "3128": {"start": false, "end": false}, "3130": {"start": true, "end": true}, "3132": {"start": true, "end": true}, "3134": {"start": true, "end": true}, "3136": {"start": true, "end": true}, "3142": {"start": true, "end": true}, "3144": {"start": true, "end": true}, "3146": {"start": true, "end": true}, "3148": {"start": true, "end": true}, "3153": {"start": true, "end": true}, "3156": {"start": true, "end": true}, "3158": {"start": true, "end": false}, "3168": {"start": true, "end": true}, "3170": {"start": true, "end": true}, "3172": {"start": true, "end": true}, "3174": {"start": true, "end": true}, "3180": {"start": true, "end": false}, "3182": {"start": true, "end": true}, "3184": {"start": true, "end": true}, "3186": {"start": true, "end": true}, "3192": {"start": true, "end": true}, "3194": {"start": true, "end": true}, "3196": {"start": true, "end": true}, "3198": {"start": true, "end": true}, "3206": {"start": true, "end": true}, "3208": {"start": true, "end": true}, "3210": {"start": true, "end": true}, "3212": {"start": true, "end": true}, "3214": {"start": true, "end": true}, "3219": {"start": true, "end": true}, "3222": {"start": true, "end": true}, "3224": {"start": true, "end": true}, "3226": {"start": true, "end": true}, "3228": {"start": true, "end": true}, "3234": {"start": true, "end": true}, "3236": {"start": true, "end": true}, "3238": {"start": true, "end": true}, "3240": {"start": true, "end": true}, "3243": {"start": true, "end": false}, "3245": {"start": false, "end": true}, "3248": {"start": true, "end": true}, "3250": {"start": true, "end": false}, "3257": {"start": true, "end": true}, "3260": {"start": true, "end": true}, "3262": {"start": true, "end": true}, "3264": {"start": true, "end": true}, "3266": {"start": false, "end": true}, "3273": {"start": true, "end": true}, "3275": {"start": true, "end": true}, "3277": {"start": true, "end": true}, "3285": {"start": true, "end": true}, "3291": {"start": true, "end": false}, "3293": {"start": true, "end": true}, "3297": {"start": true, "end": true}, "3298": {"start": true, "end": true}, "3301": {"start": true, "end": true}, "3303": {"start": true, "end": true}, "3305": {"start": true, "end": false}, "3307": {"start": true, "end": false}, "3309": {"start": true, "end": true}, "3311": {"start": true, "end": true}, "3318": {"start": false, "end": true}, "3319": {"start": true, "end": true}, "3325": {"start": true, "end": true}, "3327": {"start": true, "end": true}, "3329": {"start": true, "end": true}, "3331": {"start": true, "end": true}, "3333": {"start": true, "end": true}, "3335": {"start": true, "end": true}, "3341": {"start": true, "end": true}, "3343": {"start": true, "end": true}, "3349": {"start": true, "end": true}, "3351": {"start": true, "end": true}, "3353": {"start": true, "end": true}, "3355": {"start": true, "end": true}, "3361": {"start": true, "end": true}, "3363": {"start": true, "end": true}, "3369": {"start": true, "end": true}, "3371": {"start": true, "end": true}, "3377": {"start": true, "end": true}, "3379": {"start": true, "end": true}, "3381": {"start": true, "end": true}, "3383": {"start": true, "end": true}, "3388": {"start": false, "end": true}, "3393": {"start": true, "end": true}, "3395": {"start": true, "end": true}, "3397": {"start": true, "end": true}, "3399": {"start": true, "end": false}, "3401": {"start": true, "end": true}, "3407": {"start": true, "end": true}, "3409": {"start": true, "end": true}, "3411": {"start": true, "end": true}, "3413": {"start": true, "end": true}, "3419": {"start": false, "end": true}, "3421": {"start": true, "end": true}, "3423": {"start": true, "end": true}, "3425": {"start": true, "end": true}, "3432": {"start": true, "end": true}, "3435": {"start": true, "end": true}, "3437": {"start": true, "end": true}, "3439": {"start": false, "end": false}, "3441": {"start": true, "end": true}, "3443": {"start": true, "end": true}, "3446": {"start": true, "end": true}, "3447": {"start": true, "end": true}, "3449": {"start": true, "end": false}, "3451": {"start": true, "end": false}, "3455": {"start": true, "end": true}, "3457": {"start": false, "end": true}, "3462": {"start": false, "end": true}, "3463": {"start": true, "end": true}, "3477": {"start": true, "end": true}, "3480": {"start": true, "end": false}, "3482": {"start": true, "end": true}, "3484": {"start": true, "end": true}, "3486": {"start": true, "end": true}, "3488": {"start": true, "end": true}, "3490": {"start": false, "end": true}, "3492": {"start": true, "end": true}, "3494": {"start": true, "end": true}, "3496": {"start": true, "end": true}, "3498": {"start": true, "end": true}, "3500": {"start": true, "end": true}, "3506": {"start": true, "end": true}, "3508": {"start": true, "end": true}, "3510": {"start": true, "end": false}, "3512": {"start": true, "end": true}, "3518": {"start": true, "end": true}, "3520": {"start": true, "end": true}, "3522": {"start": true, "end": true}, "3524": {"start": true, "end": true}, "3526": {"start": true, "end": true}, "3528": {"start": true, "end": true}, "3534": {"start": true, "end": true}, "3536": {"start": true, "end": true}, "3538": {"start": true, "end": true}, "3540": {"start": true, "end": true}, "3546": {"start": true, "end": true}, "3548": {"start": true, "end": true}, "3550": {"start": true, "end": false}, "3552": {"start": true, "end": false}, "3558": {"start": true, "end": true}, "3560": {"start": true, "end": true}, "3562": {"start": true, "end": true}, "3564": {"start": true, "end": false}, "3570": {"start": false, "end": true}, "3580": {"start": true, "end": true}, "3587": {"start": true, "end": true}, "3588": {"start": true, "end": true}, "3595": {"start": true, "end": true}, "3597": {"start": true, "end": true}, "3599": {"start": true, "end": true}, "3602": {"start": true, "end": true}, "3603": {"start": false, "end": true}, "3605": {"start": true, "end": true}, "3607": {"start": true, "end": true}, "3613": {"start": true, "end": true}, "3615": {"start": true, "end": false}, "3617": {"start": false, "end": true}, "3621": {"start": true, "end": true}, "3622": {"start": true, "end": true}, "3623": {"start": true, "end": true}, "3624": {"start": true, "end": true}, "3627": {"start": false, "end": true}, "3636": {"start": true, "end": false}, "3638": {"start": true, "end": true}, "3643": {"start": true, "end": true}, "3646": {"start": true, "end": true}, "3651": {"start": true, "end": true}, "3653": {"start": true, "end": true}, "3655": {"start": true, "end": true}, "3657": {"start": true, "end": true}, "3659": {"start": true, "end": true}, "3661": {"start": true, "end": true}, "3663": {"start": false, "end": false}, "3678": {"start": true, "end": true}, "3680": {"start": true, "end": true}, "3682": {"start": true, "end": true}, "3684": {"start": true, "end": true}, "3686": {"start": true, "end": true}, "3688": {"start": true, "end": true}, "3692": {"start": true, "end": true}, "3694": {"start": true, "end": true}, "3696": {"start": true, "end": true}, "3698": {"start": true, "end": true}, "3700": {"start": true, "end": true}, "3706": {"start": true, "end": true}, "3708": {"start": true, "end": false}, "3710": {"start": true, "end": true}, "3712": {"start": true, "end": true}, "3733": {"start": true, "end": true}, "3734": {"start": true, "end": true}, "3737": {"start": true, "end": true}, "3739": {"start": true, "end": true}, "3741": {"start": true, "end": true}, "3743": {"start": true, "end": true}, "3746": {"start": false, "end": false}, "3751": {"start": false, "end": false}, "3755": {"start": true, "end": true}, "3757": {"start": true, "end": true}, "3759": {"start": true, "end": true}, "3761": {"start": true, "end": true}, "3763": {"start": true, "end": true}, "3765": {"start": true, "end": true}, "3767": {"start": true, "end": true}, "3769": {"start": true, "end": true}, "3771": {"start": false, "end": false}, "3776": {"start": true, "end": true}, "3778": {"start": true, "end": true}, "3780": {"start": true, "end": true}, "3782": {"start": true, "end": true}, "3784": {"start": true, "end": true}, "3786": {"start": true, "end": true}, "3788": {"start": true, "end": true}, "3790": {"start": true, "end": true}, "3792": {"start": true, "end": true}, "3794": {"start": true, "end": true}, "3796": {"start": true, "end": true}, "3798": {"start": true, "end": true}, "3800": {"start": true, "end": true}, "3802": {"start": true, "end": true}, "3804": {"start": true, "end": true}, "3806": {"start": true, "end": true}, "3808": {"start": true, "end": true}, "3810": {"start": true, "end": true}, "3812": {"start": false, "end": true}, "3813": {"start": false, "end": true}, "3814": {"start": false, "end": false}, "3816": {"start": false, "end": true}, "3817": {"start": false, "end": true}, "3818": {"start": true, "end": true}, "3819": {"start": true, "end": true}, "3820": {"start": false, "end": false}, "3822": {"start": true, "end": true}, "3824": {"start": true, "end": true}, "3826": {"start": true, "end": true}, "3828": {"start": true, "end": true}, "3838": {"start": true, "end": true}, "3843": {"start": true, "end": true}, "3845": {"start": true, "end": true}, "3847": {"start": false, "end": false}, "3850": {"start": true, "end": true}, "3863": {"start": true, "end": true}, "3865": {"start": true, "end": true}, "3871": {"start": false, "end": true}, "3873": {"start": true, "end": true}, "3875": {"start": true, "end": true}, "3877": {"start": true, "end": true}, "3879": {"start": true, "end": true}, "3884": {"start": true, "end": true}, "3891": {"start": true, "end": true}, "3892": {"start": true, "end": true}, "3895": {"start": true, "end": true}, "3897": {"start": true, "end": true}, "3899": {"start": true, "end": true}, "3901": {"start": true, "end": true}, "3903": {"start": true, "end": true}, "3905": {"start": true, "end": true}, "3907": {"start": false, "end": false}, "3912": {"start": true, "end": true}, "3914": {"start": true, "end": true}, "3916": {"start": true, "end": true}, "3918": {"start": true, "end": true}, "3920": {"start": true, "end": true}, "3922": {"start": true, "end": true}, "3924": {"start": true, "end": true}, "3926": {"start": true, "end": true}, "3928": {"start": true, "end": true}, "3930": {"start": true, "end": true}, "3932": {"start": false, "end": false}, "3935": {"start": true, "end": true}, "3937": {"start": true, "end": true}, "3939": {"start": true, "end": true}, "3941": {"start": false, "end": true}, "3950": {"start": true, "end": true}, "3952": {"start": true, "end": true}, "3954": {"start": true, "end": true}, "3956": {"start": true, "end": true}, "3958": {"start": true, "end": true}, "3960": {"start": true, "end": true}, "3962": {"start": true, "end": true}, "3964": {"start": true, "end": true}, "3966": {"start": true, "end": true}, "3968": {"start": true, "end": true}, "3970": {"start": true, "end": true}, "3972": {"start": true, "end": true}, "3974": {"start": true, "end": true}, "3976": {"start": true, "end": true}, "3978": {"start": true, "end": true}, "3980": {"start": true, "end": true}, "3987": {"start": false, "end": true}, "3988": {"start": true, "end": true}, "3990": {"start": true, "end": true}, "3992": {"start": true, "end": true}, "3994": {"start": true, "end": true}, "3996": {"start": true, "end": true}, "3998": {"start": true, "end": true}, "4006": {"start": true, "end": true}, "4008": {"start": true, "end": true}, "4010": {"start": true, "end": true}, "4012": {"start": true, "end": true}, "4014": {"start": true, "end": true}, "4016": {"start": true, "end": false}, "4022": {"start": true, "end": true}, "4024": {"start": true, "end": true}, "4026": {"start": true, "end": true}, "4033": {"start": true, "end": true}, "4035": {"start": true, "end": true}, "4037": {"start": true, "end": true}, "4039": {"start": true, "end": true}, "4046": {"start": true, "end": true}, "4048": {"start": true, "end": true}, "4050": {"start": true, "end": true}, "4052": {"start": true, "end": true}, "4054": {"start": true, "end": true}, "4056": {"start": true, "end": true}, "4058": {"start": true, "end": true}, "4062": {"start": true, "end": true}, "4066": {"start": true, "end": true}, "4072": {"start": false, "end": true}, "4077": {"start": true, "end": true}, "4079": {"start": true, "end": true}, "4081": {"start": true, "end": true}, "4083": {"start": true, "end": true}, "4085": {"start": true, "end": true}, "4087": {"start": true, "end": true}, "4095": {"start": true, "end": true}, "4097": {"start": true, "end": true}, "4099": {"start": true, "end": true}, "4101": {"start": true, "end": true}, "4103": {"start": true, "end": true}, "4111": {"start": true, "end": true}, "4113": {"start": true, "end": true}, "4115": {"start": true, "end": true}, "4116": {"start": true, "end": true}, "4121": {"start": true, "end": true}, "4123": {"start": true, "end": true}, "4125": {"start": true, "end": true}, "4129": {"start": true, "end": true}, "4131": {"start": true, "end": true}, "4133": {"start": true, "end": true}, "4135": {"start": true, "end": true}, "4137": {"start": true, "end": true}, "4139": {"start": true, "end": false}, "4141": {"start": true, "end": true}, "4147": {"start": true, "end": true}, "4149": {"start": true, "end": true}, "4153": {"start": true, "end": true}, "4157": {"start": true, "end": true}, "4161": {"start": true, "end": true}, "4163": {"start": true, "end": true}, "4165": {"start": true, "end": true}, "4167": {"start": true, "end": true}, "4169": {"start": true, "end": true}, "4171": {"start": true, "end": true}, "4173": {"start": false, "end": false}, "4177": {"start": true, "end": true}, "4179": {"start": true, "end": false}, "4181": {"start": true, "end": true}, "4183": {"start": true, "end": true}, "4185": {"start": true, "end": true}, "4187": {"start": true, "end": true}, "4189": {"start": true, "end": true}, "4191": {"start": true, "end": true}, "4193": {"start": true, "end": true}, "4195": {"start": true, "end": true}, "4197": {"start": true, "end": true}, "4199": {"start": true, "end": true}, "4201": {"start": true, "end": true}, "4205": {"start": true, "end": true}, "4207": {"start": true, "end": true}, "4209": {"start": true, "end": true}, "4211": {"start": true, "end": true}, "4213": {"start": true, "end": true}, "4215": {"start": false, "end": false}, "4217": {"start": true, "end": true}, "4219": {"start": true, "end": true}, "4221": {"start": true, "end": true}, "4223": {"start": true, "end": true}, "4225": {"start": true, "end": true}, "4230": {"start": true, "end": true}, "4233": {"start": true, "end": true}, "4235": {"start": true, "end": true}, "4241": {"start": true, "end": true}, "4243": {"start": true, "end": true}, "4245": {"start": true, "end": true}, "4247": {"start": false, "end": false}, "4249": {"start": true, "end": true}, "4251": {"start": true, "end": true}, "4257": {"start": true, "end": true}, "4262": {"start": false, "end": false}, "4271": {"start": true, "end": true}, "4273": {"start": true, "end": true}, "4275": {"start": false, "end": false}, "4276": {"start": true, "end": true}, "4277": {"start": false, "end": false}, "4279": {"start": false, "end": true}, "4280": {"start": false, "end": false}, "4284": {"start": true, "end": true}, "4286": {"start": true, "end": true}, "4288": {"start": false, "end": false}, "4295": {"start": true, "end": true}, "4297": {"start": true, "end": true}, "4299": {"start": true, "end": true}, "4301": {"start": true, "end": true}, "4309": {"start": true, "end": true}, "4313": {"start": true, "end": true}, "4315": {"start": true, "end": true}, "4317": {"start": true, "end": true}, "4319": {"start": true, "end": true}, "4321": {"start": true, "end": true}, "4323": {"start": true, "end": true}, "4325": {"start": true, "end": true}, "4337": {"start": true, "end": true}, "4341": {"start": true, "end": true}, "4345": {"start": true, "end": true}, "4347": {"start": true, "end": true}, "4349": {"start": true, "end": false}, "4353": {"start": true, "end": true}, "4357": {"start": true, "end": true}, "4365": {"start": true, "end": true}, "4369": {"start": true, "end": true}, "4371": {"start": true, "end": true}, "4373": {"start": true, "end": true}, "4377": {"start": true, "end": true}, "4381": {"start": true, "end": true}, "4383": {"start": true, "end": true}, "4385": {"start": true, "end": true}, "4387": {"start": true, "end": true}, "4389": {"start": true, "end": true}, "4391": {"start": true, "end": true}, "4393": {"start": true, "end": true}, "4397": {"start": true, "end": true}, "4399": {"start": true, "end": true}, "4401": {"start": true, "end": true}, "4407": {"start": true, "end": true}, "4409": {"start": true, "end": true}, "4413": {"start": false, "end": false}, "4415": {"start": true, "end": true}, "4417": {"start": true, "end": true}, "4425": {"start": true, "end": true}, "4427": {"start": true, "end": true}, "4429": {"start": true, "end": true}, "4433": {"start": true, "end": true}, "4435": {"start": true, "end": true}, "4437": {"start": true, "end": true}, "4441": {"start": true, "end": true}, "4445": {"start": true, "end": true}, "4447": {"start": true, "end": true}, "4449": {"start": true, "end": true}, "4453": {"start": true, "end": true}, "4457": {"start": true, "end": true}, "4459": {"start": true, "end": true}, "4461": {"start": true, "end": true}, "4463": {"start": true, "end": true}, "4465": {"start": true, "end": true}, "4469": {"start": true, "end": true}, "4473": {"start": true, "end": true}, "4475": {"start": true, "end": true}, "4477": {"start": true, "end": true}, "4479": {"start": true, "end": true}, "4481": {"start": true, "end": true}, "4483": {"start": true, "end": true}, "4485": {"start": true, "end": true}, "4487": {"start": true, "end": true}, "4489": {"start": true, "end": true}, "4491": {"start": true, "end": true}, "4493": {"start": true, "end": true}, "4495": {"start": true, "end": true}, "4497": {"start": true, "end": true}, "4499": {"start": true, "end": true}, "4501": {"start": true, "end": true}, "4505": {"start": true, "end": true}, "4507": {"start": true, "end": true}, "4509": {"start": true, "end": true}, "4511": {"start": true, "end": true}, "4513": {"start": true, "end": true}, "4515": {"start": true, "end": true}, "4517": {"start": true, "end": true}, "4521": {"start": true, "end": true}, "4523": {"start": true, "end": true}, "4525": {"start": true, "end": true}, "4529": {"start": true, "end": true}, "4531": {"start": true, "end": true}, "4533": {"start": true, "end": true}, "4537": {"start": true, "end": true}, "4539": {"start": true, "end": true}, "4541": {"start": true, "end": true}, "4543": {"start": true, "end": true}, "4545": {"start": true, "end": true}, "4549": {"start": true, "end": true}, "4551": {"start": true, "end": true}, "4553": {"start": true, "end": true}, "4557": {"start": true, "end": true}, "4561": {"start": true, "end": true}, "4565": {"start": true, "end": true}, "4567": {"start": true, "end": true}, "4569": {"start": true, "end": true}, "4571": {"start": true, "end": true}, "4573": {"start": true, "end": true}, "4575": {"start": true, "end": true}, "4577": {"start": true, "end": true}, "4579": {"start": false, "end": true}, "4581": {"start": true, "end": true}, "4585": {"start": true, "end": true}, "4587": {"start": true, "end": true}, "4589": {"start": true, "end": true}, "4593": {"start": true, "end": true}, "4597": {"start": true, "end": true}, "4599": {"start": true, "end": true}, "4601": {"start": true, "end": true}, "4603": {"start": true, "end": true}, "4605": {"start": true, "end": true}, "4609": {"start": true, "end": true}, "4611": {"start": true, "end": true}, "4613": {"start": true, "end": true}, "4615": {"start": true, "end": true}, "4617": {"start": true, "end": true}, "4619": {"start": true, "end": true}, "4621": {"start": true, "end": true}, "29": {"start": true, "end": true}, "31": {"start": true, "end": true}, "109": {"start": true, "end": true}, "201": {"start": true, "end": true}, "287": {"start": true, "end": true}, "369": {"start": true, "end": true}, "447": {"start": true, "end": true}, "495": {"start": true, "end": true}, "528": {"start": true, "end": true}, "541": {"start": true, "end": true}, "550": {"start": true, "end": true}, "643": {"start": true, "end": true}, "651": {"start": true, "end": true}, "659": {"start": true, "end": true}, "663": {"start": true, "end": true}, "669": {"start": true, "end": true}, "671": {"start": true, "end": true}, "677": {"start": true, "end": true}, "685": {"start": true, "end": false}, "704": {"start": true, "end": true}, "706": {"start": true, "end": true}, "729": {"start": true, "end": true}, "733": {"start": true, "end": true}, "737": {"start": true, "end": true}, "751": {"start": true, "end": true}, "774": {"start": true, "end": true}, "782": {"start": true, "end": true}, "800": {"start": true, "end": true}, "804": {"start": true, "end": true}, "1025": {"start": true, "end": true}, "1026": {"start": true, "end": true}, "1043": {"start": true, "end": true}, "1085": {"start": true, "end": true}, "1127": {"start": true, "end": true}, "1327": {"start": true, "end": true}, "1339": {"start": true, "end": true}, "1379": {"start": true, "end": true}, "1387": {"start": true, "end": true}, "1425": {"start": true, "end": true}, "1470": {"start": true, "end": true}, "1524": {"start": true, "end": true}, "1526": {"start": true, "end": true}, "1538": {"start": true, "end": true}, "1556": {"start": true, "end": true}, "1566": {"start": true, "end": true}, "1610": {"start": true, "end": true}, "1628": {"start": true, "end": true}, "1686": {"start": true, "end": true}, "1690": {"start": true, "end": true}, "1730": {"start": true, "end": true}, "1766": {"start": true, "end": true}, "1858": {"start": true, "end": true}, "1904": {"start": true, "end": true}, "1914": {"start": true, "end": true}, "1918": {"start": true, "end": true}, "1967": {"start": true, "end": true}, "1977": {"start": true, "end": true}, "1982": {"start": true, "end": true}, "1987": {"start": true, "end": true}, "1989": {"start": true, "end": true}, "2013": {"start": true, "end": true}, "2021": {"start": true, "end": true}, "2027": {"start": true, "end": true}, "2041": {"start": true, "end": true}, "2080": {"start": true, "end": true}, "2094": {"start": true, "end": true}, "2144": {"start": true, "end": true}, "2250": {"start": true, "end": true}, "2252": {"start": true, "end": false}, "2258": {"start": true, "end": true}, "2322": {"start": true, "end": true}, "2380": {"start": true, "end": true}, "2440": {"start": true, "end": true}, "2476": {"start": true, "end": true}, "2489": {"start": true, "end": true}, "2527": {"start": true, "end": true}, "2549": {"start": true, "end": true}, "2569": {"start": true, "end": true}, "2634": {"start": true, "end": true}, "2646": {"start": true, "end": true}, "2648": {"start": true, "end": true}, "2725": {"start": true, "end": true}, "2758": {"start": true, "end": true}, "2763": {"start": true, "end": true}, "2778": {"start": true, "end": true}, "2783": {"start": true, "end": true}, "2788": {"start": true, "end": true}, "2793": {"start": true, "end": true}, "2798": {"start": true, "end": true}, "2825": {"start": true, "end": true}, "2827": {"start": true, "end": true}, "2837": {"start": true, "end": true}, "2845": {"start": true, "end": true}, "2864": {"start": true, "end": true}, "2872": {"start": true, "end": true}, "2874": {"start": true, "end": true}, "2880": {"start": true, "end": true}, "2888": {"start": true, "end": true}, "2899": {"start": true, "end": true}, "2990": {"start": true, "end": true}, "3014": {"start": true, "end": true}, "3042": {"start": true, "end": true}, "3082": {"start": true, "end": true}, "3122": {"start": true, "end": true}, "3190": {"start": true, "end": true}, "3200": {"start": true, "end": true}, "3232": {"start": true, "end": true}, "3255": {"start": true, "end": true}, "3269": {"start": true, "end": true}, "3287": {"start": true, "end": true}, "3323": {"start": true, "end": true}, "3337": {"start": true, "end": true}, "3357": {"start": true, "end": true}, "3375": {"start": true, "end": true}, "3417": {"start": true, "end": true}, "3433": {"start": false, "end": true}, "3460": {"start": true, "end": true}, "3530": {"start": true, "end": true}, "3542": {"start": true, "end": true}, "3554": {"start": true, "end": true}, "3573": {"start": true, "end": true}, "3620": {"start": false, "end": true}, "3649": {"start": true, "end": true}, "3666": {"start": true, "end": true}, "3671": {"start": true, "end": true}, "3714": {"start": true, "end": true}, "3727": {"start": true, "end": true}, "3729": {"start": true, "end": true}, "3731": {"start": true, "end": true}, "3836": {"start": true, "end": true}, "3851": {"start": false, "end": true}, "3861": {"start": true, "end": true}, "3882": {"start": true, "end": true}, "3887": {"start": true, "end": true}, "3910": {"start": true, "end": true}, "3944": {"start": true, "end": true}, "3985": {"start": true, "end": true}, "3986": {"start": true, "end": true}, "4000": {"start": true, "end": true}, "4004": {"start": true, "end": true}, "4029": {"start": true, "end": true}, "4070": {"start": true, "end": true}, "4143": {"start": true, "end": false}, "4145": {"start": true, "end": false}, "4237": {"start": true, "end": true}, "4239": {"start": true, "end": true}, "4269": {"start": true, "end": true}, "4293": {"start": true, "end": true}, "4303": {"start": true, "end": true}, "4327": {"start": true, "end": true}, "4329": {"start": true, "end": true}, "4331": {"start": true, "end": true}, "4403": {"start": true, "end": true}, "4421": {"start": true, "end": true}, "477": {"start": true, "end": true}, "513": {"start": true, "end": true}, "556": {"start": true, "end": true}, "590": {"start": true, "end": true}, "625": {"start": true, "end": true}, "635": {"start": true, "end": true}, "641": {"start": true, "end": true}, "645": {"start": true, "end": true}, "647": {"start": true, "end": true}, "653": {"start": true, "end": true}, "655": {"start": true, "end": true}, "661": {"start": true, "end": true}, "689": {"start": true, "end": true}, "693": {"start": true, "end": true}, "714": {"start": false, "end": true}, "723": {"start": true, "end": true}, "731": {"start": true, "end": true}, "735": {"start": true, "end": true}, "739": {"start": true, "end": true}, "743": {"start": true, "end": true}, "747": {"start": true, "end": true}, "757": {"start": true, "end": true}, "778": {"start": true, "end": true}, "786": {"start": true, "end": true}, "794": {"start": true, "end": true}, "796": {"start": true, "end": true}, "848": {"start": true, "end": true}, "858": {"start": true, "end": true}, "940": {"start": true, "end": true}, "942": {"start": true, "end": true}, "954": {"start": true, "end": true}, "966": {"start": true, "end": true}, "1012": {"start": true, "end": true}, "1055": {"start": false, "end": true}, "1111": {"start": true, "end": true}, "1232": {"start": true, "end": true}, "1349": {"start": true, "end": true}, "1431": {"start": true, "end": true}, "1436": {"start": true, "end": true}, "1440": {"start": false, "end": true}, "1448": {"start": true, "end": true}, "1458": {"start": true, "end": true}, "1480": {"start": true, "end": true}, "1534": {"start": true, "end": true}, "1654": {"start": true, "end": true}, "1780": {"start": true, "end": true}, "1814": {"start": true, "end": true}, "1882": {"start": true, "end": true}, "1896": {"start": true, "end": true}, "2009": {"start": true, "end": true}, "2015": {"start": true, "end": true}, "2035": {"start": true, "end": true}, "2043": {"start": true, "end": true}, "2057": {"start": true, "end": true}, "2088": {"start": true, "end": true}, "2096": {"start": true, "end": true}, "2160": {"start": true, "end": true}, "2172": {"start": true, "end": true}, "2202": {"start": true, "end": true}, "2244": {"start": true, "end": false}, "2284": {"start": true, "end": true}, "2292": {"start": true, "end": true}, "2350": {"start": true, "end": true}, "2452": {"start": true, "end": true}, "2486": {"start": true, "end": true}, "2623": {"start": true, "end": true}, "2665": {"start": true, "end": true}, "2699": {"start": true, "end": true}, "2703": {"start": false, "end": true}, "2813": {"start": true, "end": true}, "2819": {"start": true, "end": true}, "2833": {"start": true, "end": true}, "2851": {"start": true, "end": true}, "2890": {"start": true, "end": true}, "2948": {"start": true, "end": false}, "3164": {"start": true, "end": true}, "3289": {"start": true, "end": true}, "3389": {"start": true, "end": true}, "3470": {"start": true, "end": true}, "3472": {"start": true, "end": true}, "3568": {"start": true, "end": true}, "3591": {"start": true, "end": true}, "3748": {"start": true, "end": false}, "3753": {"start": true, "end": false}, "4075": {"start": true, "end": true}, "4089": {"start": true, "end": true}, "4091": {"start": true, "end": true}, "111": {"start": true, "end": true}, "203": {"start": true, "end": true}, "289": {"start": true, "end": true}, "357": {"start": true, "end": true}, "467": {"start": true, "end": true}, "475": {"start": true, "end": true}, "560": {"start": true, "end": true}, "623": {"start": true, "end": true}, "627": {"start": true, "end": true}, "633": {"start": false, "end": true}, "667": {"start": false, "end": true}, "675": {"start": true, "end": true}, "717": {"start": true, "end": true}, "768": {"start": true, "end": true}, "806": {"start": true, "end": true}, "820": {"start": true, "end": true}, "910": {"start": true, "end": true}, "926": {"start": true, "end": true}, "944": {"start": false, "end": true}, "956": {"start": true, "end": true}, "958": {"start": false, "end": true}, "978": {"start": true, "end": true}, "1053": {"start": true, "end": true}, "1135": {"start": true, "end": true}, "1224": {"start": true, "end": true}, "1313": {"start": true, "end": true}, "1317": {"start": false, "end": true}, "1329": {"start": true, "end": true}, "1341": {"start": true, "end": true}, "1381": {"start": true, "end": true}, "1389": {"start": true, "end": true}, "1434": {"start": true, "end": true}, "1472": {"start": true, "end": true}, "1528": {"start": true, "end": true}, "1558": {"start": true, "end": true}, "1612": {"start": true, "end": true}, "1640": {"start": true, "end": true}, "1688": {"start": true, "end": true}, "1692": {"start": true, "end": true}, "1694": {"start": true, "end": true}, "1698": {"start": true, "end": true}, "1710": {"start": true, "end": true}, "1754": {"start": true, "end": true}, "1776": {"start": true, "end": true}, "1832": {"start": true, "end": true}, "1860": {"start": true, "end": true}, "1991": {"start": true, "end": true}, "2134": {"start": true, "end": true}, "2138": {"start": false, "end": true}, "2156": {"start": true, "end": true}, "2180": {"start": true, "end": true}, "2212": {"start": true, "end": false}, "2224": {"start": true, "end": true}, "2260": {"start": true, "end": true}, "2272": {"start": true, "end": true}, "2324": {"start": true, "end": true}, "2372": {"start": true, "end": true}, "2386": {"start": true, "end": true}, "2390": {"start": true, "end": true}, "2402": {"start": true, "end": true}, "2533": {"start": true, "end": true}, "2537": {"start": true, "end": true}, "2611": {"start": true, "end": true}, "2636": {"start": true, "end": true}, "2654": {"start": true, "end": true}, "2669": {"start": true, "end": true}, "2727": {"start": true, "end": true}, "2737": {"start": true, "end": true}, "2748": {"start": true, "end": true}, "2753": {"start": true, "end": false}, "2773": {"start": true, "end": true}, "2811": {"start": true, "end": true}, "2841": {"start": false, "end": true}, "2862": {"start": true, "end": true}, "2882": {"start": true, "end": true}, "2928": {"start": true, "end": true}, "2946": {"start": true, "end": true}, "2996": {"start": true, "end": true}, "3030": {"start": true, "end": true}, "3084": {"start": true, "end": true}, "3092": {"start": true, "end": true}, "3150": {"start": true, "end": true}, "3154": {"start": true, "end": true}, "3178": {"start": true, "end": true}, "3202": {"start": true, "end": true}, "3218": {"start": true, "end": true}, "3345": {"start": true, "end": true}, "3359": {"start": true, "end": true}, "3405": {"start": true, "end": true}, "3532": {"start": true, "end": true}, "3544": {"start": true, "end": true}, "3556": {"start": true, "end": true}, "3583": {"start": true, "end": true}, "3589": {"start": true, "end": true}, "3601": {"start": true, "end": false}, "3618": {"start": true, "end": true}, "3630": {"start": true, "end": true}, "3640": {"start": true, "end": true}, "3644": {"start": true, "end": true}, "3704": {"start": true, "end": true}, "3716": {"start": true, "end": true}, "3725": {"start": true, "end": true}, "3832": {"start": true, "end": true}, "3841": {"start": true, "end": true}, "3855": {"start": true, "end": true}, "3857": {"start": true, "end": true}, "4042": {"start": true, "end": true}, "4117": {"start": true, "end": true}, "4260": {"start": false, "end": true}, "4333": {"start": true, "end": true}, "4405": {"start": true, "end": true}, "225": {"start": false, "end": true}, "515": {"start": true, "end": true}, "681": {"start": false, "end": true}, "802": {"start": true, "end": true}, "832": {"start": true, "end": true}, "886": {"start": true, "end": true}, "1032": {"start": true, "end": true}, "1087": {"start": true, "end": true}, "1151": {"start": true, "end": true}, "1159": {"start": true, "end": true}, "1167": {"start": true, "end": true}, "1196": {"start": true, "end": true}, "1202": {"start": true, "end": true}, "1265": {"start": true, "end": true}, "1283": {"start": true, "end": true}, "1287": {"start": false, "end": true}, "1303": {"start": true, "end": true}, "1315": {"start": true, "end": true}, "1492": {"start": true, "end": true}, "1494": {"start": true, "end": true}, "1498": {"start": false, "end": true}, "1506": {"start": true, "end": true}, "1582": {"start": true, "end": true}, "1588": {"start": true, "end": true}, "1592": {"start": true, "end": true}, "1596": {"start": true, "end": true}, "1778": {"start": true, "end": true}, "1955": {"start": true, "end": true}, "2033": {"start": false, "end": true}, "2118": {"start": true, "end": true}, "2136": {"start": true, "end": true}, "2158": {"start": true, "end": true}, "2182": {"start": true, "end": true}, "2246": {"start": true, "end": true}, "2306": {"start": true, "end": true}, "2428": {"start": true, "end": true}, "2464": {"start": true, "end": true}, "2495": {"start": true, "end": true}, "2499": {"start": true, "end": true}, "2515": {"start": true, "end": true}, "2557": {"start": true, "end": true}, "2579": {"start": true, "end": true}, "2583": {"start": true, "end": true}, "2656": {"start": false, "end": true}, "2768": {"start": true, "end": true}, "2831": {"start": false, "end": true}, "2866": {"start": true, "end": true}, "2950": {"start": true, "end": true}, "2956": {"start": true, "end": true}, "2960": {"start": true, "end": true}, "2998": {"start": true, "end": true}, "3056": {"start": true, "end": true}, "3060": {"start": false, "end": true}, "3124": {"start": true, "end": true}, "3140": {"start": true, "end": true}, "3220": {"start": true, "end": true}, "3299": {"start": true, "end": true}, "3339": {"start": true, "end": true}, "3347": {"start": true, "end": true}, "3445": {"start": true, "end": true}, "3514": {"start": true, "end": true}, "3632": {"start": true, "end": true}, "3676": {"start": true, "end": true}, "3893": {"start": true, "end": true}, "4018": {"start": true, "end": true}, "4227": {"start": true, "end": true}, "4255": {"start": true, "end": true}, "4305": {"start": true, "end": true}, "479": {"start": true, "end": true}, "507": {"start": false, "end": true}, "509": {"start": true, "end": true}, "511": {"start": true, "end": true}, "637": {"start": true, "end": true}, "649": {"start": true, "end": true}, "657": {"start": true, "end": true}, "698": {"start": true, "end": true}, "719": {"start": true, "end": true}, "770": {"start": true, "end": true}, "850": {"start": false, "end": true}, "878": {"start": true, "end": true}, "1071": {"start": true, "end": true}, "1216": {"start": true, "end": true}, "1285": {"start": true, "end": true}, "1438": {"start": true, "end": true}, "1460": {"start": true, "end": true}, "1496": {"start": true, "end": true}, "1590": {"start": true, "end": true}, "1656": {"start": true, "end": true}, "1696": {"start": true, "end": true}, "1884": {"start": true, "end": true}, "1934": {"start": false, "end": true}, "2003": {"start": true, "end": true}, "2005": {"start": true, "end": true}, "2017": {"start": true, "end": true}, "2037": {"start": true, "end": true}, "2045": {"start": true, "end": true}, "2059": {"start": false, "end": true}, "2352": {"start": true, "end": true}, "2497": {"start": true, "end": true}, "2535": {"start": true, "end": true}, "2581": {"start": true, "end": true}, "2701": {"start": true, "end": true}, "2739": {"start": true, "end": true}, "2821": {"start": true, "end": true}, "2835": {"start": true, "end": true}, "2853": {"start": true, "end": true}, "2910": {"start": true, "end": true}, "2958": {"start": true, "end": true}, "2976": {"start": true, "end": true}, "3058": {"start": true, "end": true}, "3152": {"start": true, "end": true}, "3474": {"start": true, "end": true}, "3593": {"start": true, "end": true}, "3720": {"start": true, "end": true}, "3735": {"start": true, "end": true}, "3859": {"start": true, "end": true}, "4105": {"start": true, "end": true}, "4107": {"start": true, "end": true}, "4231": {"start": true, "end": true}, "696": {"start": true, "end": true}, "755": {"start": true, "end": true}, "934": {"start": true, "end": true}, "1002": {"start": true, "end": true}, "1143": {"start": true, "end": true}, "1204": {"start": true, "end": true}, "1257": {"start": true, "end": true}, "1530": {"start": true, "end": true}, "1788": {"start": true, "end": true}, "1816": {"start": true, "end": true}, "2146": {"start": true, "end": true}, "2186": {"start": true, "end": true}, "2226": {"start": true, "end": true}, "2388": {"start": true, "end": true}, "2936": {"start": true, "end": true}, "3166": {"start": true, "end": true}, "3387": {"start": true, "end": true}, "3431": {"start": true, "end": true}, "3516": {"start": true, "end": true}, "3625": {"start": true, "end": true}, "3634": {"start": true, "end": true}, "3642": {"start": true, "end": true}, "4229": {"start": true, "end": true}, "63": {"start": true, "end": true}, "760": {"start": true, "end": true}, "902": {"start": true, "end": true}, "1365": {"start": true, "end": true}, "1758": {"start": true, "end": true}, "1804": {"start": true, "end": true}, "1872": {"start": true, "end": true}, "2120": {"start": true, "end": true}, "2194": {"start": true, "end": true}, "2715": {"start": true, "end": true}, "2817": {"start": true, "end": true}, "3010": {"start": true, "end": true}, "3076": {"start": true, "end": true}, "3162": {"start": true, "end": true}, "3281": {"start": true, "end": true}, "1277": {"start": true, "end": true}, "1510": {"start": true, "end": true}, "1608": {"start": true, "end": true}, "1718": {"start": true, "end": true}, "2308": {"start": true, "end": true}, "2364": {"start": true, "end": true}, "2420": {"start": true, "end": true}, "2595": {"start": true, "end": true}, "3367": {"start": true, "end": true}, "3611": {"start": true, "end": true}, "4020": {"start": true, "end": true}, "1034": {"start": true, "end": true}, "1409": {"start": true, "end": true}, "1546": {"start": true, "end": true}, "1676": {"start": true, "end": true}, "3112": {"start": true, "end": true}, "4361": {"start": true, "end": true}, "2912": {"start": true, "end": true}}